,"[Zr], M","[BDC], M",Modulator,"[Mod],M",[H$_2$O]:[Zr] ratio,"Aging, h","T, $^o$C",Number of DMF washes,Total washes,Last  solvent in pores,"Activation T, $^o$C","Activation time, h","Time of synthesis, h",Zr source,Area,Size,Defects
0,0.0363083621414872,0.03631249038213144,TFA,6.034225555555557,5.993227777777778,0.0,120.0,2,4,THF,160.0,12.0,72.0,False,1140.841101147436,226.53992283286956,4.951794949564592
1,0.03048946745259665,0.03049293408814107,AcOH,100.06694444444445,5.993227777777778,0.0,120.0,2,4,THF,160.0,12.0,72.0,False,1144.9876113878568,727.6284682987707,4.5681305282599265
2,0.049928130310890884,0.050026448683260144,None,0.0,2.9962285714285715,0.0,120.0,3,6,THF,25.0,12.0,72.0,False,1081.5563853588526,110.30342796840054,5.403427793104031
3,0.033582602952546864,0.03358642127588262,TFA,35.246976333333336,5.993227777777778,0.0,120.0,2,4,THF,160.0,12.0,72.0,False,1217.6533148428323,347.90560024417573,4.616641842881868
4,0.04014948353743717,0.04022854581852575,HCl,2.9592380952380952,10.216769523809523,0.0,130.0,2,5,Ethanol,150.0,24.0,24.0,False,1119.0248912298084,150.58888159801862,4.522617430553116
5,0.019683380461346787,0.018430456326767503,AcOH,35.13165829145729,0.0,0.0,120.0,1,2,Ethanol,60.0,12.0,48.0,False,1153.2249090589248,141.57536040151342,4.44968339539106
6,0.04014948353743717,0.0804570916370515,HCl,2.9592380952380952,10.216769523809523,0.0,130.0,2,5,Ethanol,150.0,24.0,24.0,False,1157.6085523287934,172.92672925585052,4.578661134436595
7,0.020494335736354275,0.019189791127430328,BzOH,35.13165829145729,0.0,0.0,120.0,1,2,Ethanol,60.0,12.0,48.0,False,1200.3653402647656,277.85397073688466,4.44968339539106
8,0.04859809991769344,0.059468597317095986,HCl,8.503480851063829,31.3612340425532,0.0,120.0,3,6,Ethanol,150.0,24.0,24.0,False,1246.7398319221304,163.76153203318808,4.058878008502368
9,0.04389881148357789,0.08621110358987652,Form,100.44024,0.0,0.0,120.0,3,6,Ethanol,150.0,18.0,24.0,False,1292.8574482003703,154.22652405561087,4.545042868975323
10,0.014440603730713819,0.014439129977633441,AcOH,37.63565891472868,23.8717607973422,0.0,120.0,3,3,Ethanol,80.0,20.0,24.0,False,1364.2560949009485,255.80725760524084,4.348115678267908
11,0.06775771416461976,0.06097393177011656,Form,99.81147169811321,0.0,0.0,120.0,0,1,Ethanol,90.0,24.0,4.0,False,1361.4495136578569,204.20345975016608,4.20269143129286
12,0.016674213415658598,0.016665280622099373,AcOH,29.97477,0.0,0.0,120.0,1,2,Ethanol,300.0,1.0,24.0,False,1338.9128402449305,135.17768698131874,5.472910994711905
13,0.014090440969946631,0.014089002953145491,HCl,51.61461794019936,178.19946843853825,0.0,120.0,3,3,Ethanol,80.0,20.0,24.0,False,1515.8280368585108,322.2332417680732,4.632434019422057
14,0.03352428767593546,0.04627400228736532,HCl,22.37184,77.23877759999998,0.0,80.0,2,3,Ethanol,150.0,3.0,12.0,False,1543.631266160257,148.57515899160887,3.9954235704793586
15,0.02680876275193613,0.03750716058257672,None,0.0,27.00392417061612,0.0,100.0,1,1,MeOH,150.0,24.0,12.0,False,1009.2370439353584,54.53418584391741,4.649093712707636
16,0.0256468160815388,0.05011477297048477,None,0.0,7.200275352973874,0.0,110.0,3,6,MeOH,100.0,12.0,24.0,False,1108.993931598634,76.7876143197112,5.0810431932686475
17,0.148538382317991,0.14781323672877555,HCl,1.9119238974358967,39.83589743589744,0.0,120.0,3,3,MeOH,200.0,3.0,24.0,False,1089.7166727838228,214.01545211676014,4.915825661563656
18,0.07627327136408686,0.07548940391906017,NH3,0.16830666666666666,4.440706666666666,0.5,110.0,0,3,MeOH,80.0,0.0,10.0,False,1127.536183306493,75.00077697235116,4.2309403637913015
19,0.14024014866894122,0.1395555140064976,HCl,1.9119238974358967,61.74564102564102,0.0,120.0,3,3,MeOH,200.0,3.0,24.0,False,1060.4015116527082,211.6001925766165,4.994376257199312
20,0.02704531439824797,0.027047281303686232,HF,2.9993791798107248,4.875755507886435,0.0,120.0,2,4,MeOH,90.0,12.0,24.0,False,1082.9593721133267,374.76371679626027,3.7886644520173998
21,0.1617832769711212,0.32360334328002355,HCl,1.985155555555556,7.472076190476191,0.0,220.0,2,3,MeOH,150.0,2.0,20.0,False,1178.201291498272,241.13924626312024,5.616418855340292
22,0.025561849656883986,0.03834453184828674,None,0.0,14.400550705947747,0.0,110.0,3,6,MeOH,100.0,12.0,24.0,False,1122.6058536234948,58.314982291661295,4.735113711180761
23,0.025561849656883986,0.04994874561378864,None,0.0,14.400550705947747,0.0,110.0,3,6,MeOH,100.0,12.0,24.0,False,1122.1245555737032,54.94316502367889,5.0261033421874055
24,0.08753861997940267,0.08743152952507073,None,0.0,0.0,0.0,120.0,0,3,MeOH,150.0,5.0,24.0,False,1114.4726161779697,201.9939844921094,4.8707884254000104
25,0.1617832769711212,0.283378066842618,HCl,1.985155555555556,7.472076190476191,0.0,220.0,2,3,MeOH,150.0,2.0,20.0,False,1178.201291498272,241.13924626312024,5.582832103801491
26,0.15306699153500292,0.1523197378485553,HCl,1.9119238974358967,28.881025641025637,0.0,120.0,3,3,MeOH,200.0,3.0,24.0,False,1139.2121897994077,213.99935756076258,4.8478518781835875
27,0.027070058037886258,0.037872729271452285,None,0.0,7.001017377567141,0.0,100.0,1,1,MeOH,150.0,24.0,12.0,False,1068.1059366873724,85.57935912769099,4.010182002098544
28,0.1617832769711212,0.2023271367075472,HCl,1.985155555555556,7.472076190476191,0.0,220.0,2,3,MeOH,150.0,2.0,20.0,False,1179.7287172083709,241.13924626312024,5.421923086870741
29,0.1617832769711212,0.2425524131449527,HCl,1.985155555555556,7.472076190476191,0.0,220.0,2,3,MeOH,150.0,2.0,20.0,False,1179.7287172083709,241.13924626312024,5.497993272804296
30,0.19577433184564802,0.19437179800620927,HF,4.998176943699732,1.3070232707774798,0.0,120.0,0,3,MeOH,150.0,10.0,24.0,False,1136.098972492143,266.97011691619093,5.267302768735802
31,0.018738950671985426,0.01882029126033891,AcOH,16.89195266272189,0.0,0.0,120.0,3,6,MeOH,250.0,12.0,24.0,False,1181.2891247476975,195.9922155073221,4.609361699164642
32,0.018122958568781832,0.018107253866749228,HF,3.0004999245283015,4.8751528301886795,0.0,120.0,2,4,MeOH,90.0,12.0,24.0,False,1046.090635775111,605.8352130498602,3.6006468487166012
33,0.17424706328761566,0.1866475166314603,HCl,2.135433540372671,7.372584298136648,0.0,150.0,2,4,MeOH,100.0,12.0,24.0,True,1187.6386151784645,263.92578858508824,5.339476399283484
34,0.0256468160815388,0.025649324745388568,None,0.0,7.200275352973874,0.0,110.0,3,6,MeOH,100.0,12.0,24.0,False,1182.5628631050636,103.7732828533297,3.6151695055179864
35,0.07627327136408686,0.07548940391906017,NH3,0.16830666666666666,4.440706666666666,0.5,110.0,0,3,MeOH,80.0,0.0,5.0,False,1123.439758710569,63.785216400080486,4.211935324851849
36,0.0256468160815388,0.03847198732666344,None,0.0,7.200275352973874,0.0,110.0,3,6,MeOH,100.0,12.0,24.0,False,1110.8765545052704,80.15943158769366,4.795914104758975
37,0.07627327136408686,0.07548940391906017,NH3,0.16830666666666666,4.440706666666666,0.5,110.0,0,3,MeOH,80.0,0.0,15.0,False,1150.1326153799064,80.58653102416946,4.432639115935663
38,0.018406025152432386,0.018485920603429337,AcOH,33.78390532544378,0.0,0.0,120.0,3,6,MeOH,250.0,12.0,24.0,False,1300.2671810627996,261.11944500147274,4.579040491571233
39,0.07627327136408686,0.07548940391906017,NH3,0.16830666666666666,4.440706666666666,0.5,110.0,0,3,MeOH,80.0,0.0,1.0,False,1103.0855279340599,47.5663914222381,4.205377371243786
40,0.15788041894176402,0.15710966671171742,HCl,1.9119238974358967,17.926153846153845,0.0,120.0,3,3,MeOH,200.0,3.0,24.0,False,1177.0121004838538,217.1605162994829,4.810442736131201
41,0.02539359462378691,0.03809213773120109,None,0.0,28.80110141189549,0.0,110.0,3,6,MeOH,100.0,12.0,24.0,False,1108.120302760398,48.15743523308478,5.13345525126679
42,0.02539359462378691,0.025396078518577045,None,0.0,28.80110141189549,0.0,110.0,3,6,MeOH,100.0,12.0,24.0,False,1224.0016223526147,81.62746782578051,3.8209206402077562
43,0.19662882045334987,0.1952201650290414,HF,3.9985415549597856,1.0456985874530829,0.0,120.0,0,3,MeOH,150.0,10.0,24.0,False,1236.9336521275484,266.22670120042216,5.281605493625873
44,0.02522754010689478,0.04929549309517936,None,0.0,43.201652117843246,0.0,110.0,3,6,MeOH,100.0,12.0,24.0,False,994.394684205839,39.47292357735631,5.543147775634813
45,0.08773642573925118,0.08950754515040289,TFA,6.355636363636362,0.0,0.5,120.0,5,2,MeOH,150.0,8.0,72.0,False,1259.213382718702,289.6863495584525,5.084336103760878
46,0.1617832769711212,0.16210186027014167,HCl,1.985155555555556,7.472076190476191,0.0,220.0,2,3,MeOH,150.0,2.0,20.0,False,1204.818335443779,241.13924626312024,5.20442832408881
47,0.1617832769711212,0.283378066842618,HCl,1.985155555555556,7.472076190476191,0.0,160.0,2,3,MeOH,150.0,2.0,20.0,False,1255.2602896545952,241.13924626312024,5.583795105352962
48,0.16300640656974336,0.16221062991664328,HCl,1.9119238974358967,6.600808205128202,0.0,120.0,3,3,MeOH,200.0,3.0,24.0,False,1195.1325361279,262.41771630290236,4.856809729990513
49,0.1617832769711212,0.32360334328002355,HCl,1.985155555555556,7.472076190476191,0.0,160.0,2,3,MeOH,150.0,2.0,20.0,False,1255.2602896545952,241.13924626312024,5.617381856891765
50,0.008712251245721895,0.008709863943716952,BzOH,19.999701492537312,0.0,0.0,120.0,3,5,MeOH,25.0,12.0,24.0,False,1224.2225915271354,228.3675786125494,4.114742112866985
51,0.1617832769711212,0.2023271367075472,HCl,1.985155555555556,7.472076190476191,0.0,160.0,2,3,MeOH,150.0,2.0,20.0,False,1256.7877153646941,241.13924626312024,5.3931795067174155
52,0.1617832769711212,0.2425524131449527,HCl,1.985155555555556,7.472076190476191,0.0,160.0,2,3,MeOH,150.0,2.0,20.0,False,1256.7877153646941,241.13924626312024,5.498956274355767
53,0.02506477404707361,0.025067225778015758,None,0.0,57.50219899944414,0.0,110.0,3,6,MeOH,100.0,12.0,24.0,False,1177.2952237757502,76.0583062789045,4.090045473702655
54,0.02522754010689478,0.02523000775892939,None,0.0,43.201652117843246,0.0,110.0,3,6,MeOH,100.0,12.0,24.0,False,1175.43023566708,75.89864833713156,3.9784311202892444
55,0.008712251245721895,0.008709863943716952,BzOH,79.99880597014925,0.0,0.0,120.0,3,5,MeOH,25.0,12.0,24.0,False,1345.028882225473,1005.5875919347781,4.14999094919301
56,0.017774445857986175,0.017851599798409706,AcOH,67.56781065088758,0.0,0.0,120.0,3,6,MeOH,250.0,12.0,24.0,False,1345.733814951957,542.110387425508,4.54878306727676
57,0.01718477229871649,0.01725936662974208,AcOH,101.35171597633136,0.0,0.0,120.0,3,6,MeOH,250.0,12.0,24.0,False,1361.7938165058913,606.4997422520191,4.437497897764525
58,0.025561849656883986,0.025564350009674896,None,0.0,14.400550705947747,0.0,110.0,3,6,MeOH,100.0,12.0,24.0,False,1216.1798999158977,91.90988488970257,3.590781818154009
59,0.07627327136408686,0.07548940391906017,NH3,0.16830666666666666,4.440706666666666,0.5,110.0,0,3,MeOH,80.0,0.0,20.0,False,1209.140270324449,116.66229816846567,4.533176502253803
60,0.1617832769711212,0.32360334328002355,HCl,1.985155555555556,7.472076190476191,0.0,100.0,2,3,MeOH,150.0,2.0,20.0,False,1375.0002673075344,213.7188805498772,5.077055109469346
61,0.1617832769711212,0.16210186027014167,HCl,1.985155555555556,7.472076190476191,0.0,160.0,2,3,MeOH,150.0,2.0,20.0,False,1270.528009847038,241.13924626312024,5.176789188012024
62,0.008712251245721895,0.008709863943716952,BzOH,39.999402985074624,0.0,0.0,120.0,3,5,MeOH,25.0,12.0,24.0,False,1336.2180680393628,713.999021938944,4.1276130845628085
63,0.08413938867685762,0.08583789534922773,TFA,12.711272727272727,0.0,0.5,120.0,5,2,MeOH,150.0,8.0,72.0,False,1342.3241765850864,308.0640510885721,4.981729696035335
64,0.09217735801116453,0.12220988490398525,TFA,13.274430379746835,0.0,0.0,120.0,2,5,MeOH,120.0,24.0,24.0,False,1332.7822935221889,408.10343219264905,4.822069393199101
65,0.0967642998037277,0.12829130924316548,Form,13.274430379746835,0.0,0.0,120.0,2,5,MeOH,120.0,24.0,24.0,False,1333.4462270486106,409.7730624962274,4.869754562570612
66,0.08082567987622796,0.08245729330636431,TFA,19.06690909090909,0.0,0.5,120.0,5,2,MeOH,150.0,8.0,72.0,False,1357.8636068871194,312.387302417211,4.847129829056472
67,0.19918827404961886,0.19776128261442788,HF,0.9996353887399464,0.261404654155496,0.0,120.0,0,3,MeOH,150.0,10.0,24.0,False,1415.97847872505,267.4593520415497,5.268428176302404
68,0.031998798489529696,0.031999036898814184,HCl,9.375352018237896,323.69965401636045,0.0,120.0,3,3,MeOH,0.0,0.0,24.0,False,1399.9313011601703,182.45712848043513,4.246890629002429
69,0.031998798489529696,0.031999036898814184,HCl,3.7501408072951583,129.47361137186536,0.0,120.0,3,3,MeOH,0.0,0.0,24.0,False,1393.2010064828899,179.07144916859605,4.274293488136283
70,0.1983113601432664,0.19689065094853225,HF,1.999270777479893,0.5228492937265415,0.0,120.0,0,3,MeOH,150.0,10.0,24.0,False,1417.5566179420339,277.7972935754015,5.291624736293302
71,0.1974421896269553,0.1960277071987737,HF,2.9989061662198395,0.7842139624664878,0.0,120.0,0,3,MeOH,150.0,10.0,24.0,False,1373.1684377952765,266.22670120042216,5.275350377375942
72,0.1617832769711212,0.2425524131449527,HCl,1.985155555555556,7.472076190476191,0.0,100.0,2,3,MeOH,150.0,2.0,20.0,False,1379.161669002843,213.7188805498772,4.967244432283134
73,0.1617832769711212,0.16210186027014167,HCl,1.985155555555556,7.472076190476191,0.0,100.0,2,3,MeOH,150.0,2.0,24.0,False,1362.9799219332153,192.2848082652004,4.682827518073634
74,0.1617832769711212,0.2023271367075472,HCl,1.985155555555556,7.472076190476191,0.0,100.0,2,3,MeOH,150.0,2.0,20.0,False,1379.161669002843,213.7188805498772,4.9047183649648876
75,0.1617832769711212,0.283378066842618,HCl,1.985155555555556,7.472076190476191,0.0,100.0,2,3,MeOH,150.0,2.0,20.0,False,1375.0002673075344,213.7188805498772,5.045698543798173
76,0.07776309233561306,0.0793328818631248,TFA,25.42254545454545,0.0,0.5,120.0,5,2,MeOH,150.0,8.0,72.0,False,1407.3962261238464,434.81425187134914,4.766424837613178
77,0.007126305723113139,0.007148016613495456,AcOH,263.10967741935485,0.0,0.0,120.0,3,6,MeOH,250.0,3.0,24.0,False,1449.2913586390596,584.0489880765888,4.149283744292771
78,0.1952407405220618,0.19384202934865244,HCl,3.998541554959785,13.80496471849866,0.0,120.0,0,3,MeOH,150.0,10.0,24.0,False,1510.813769112272,204.00225597038576,5.112495196317629
79,0.19293437690451576,0.19155218859694467,HCl,5.997812332439679,20.707447077748,0.0,120.0,0,3,MeOH,150.0,10.0,24.0,False,1520.2669448520874,202.75204511571732,5.051744624343474
80,0.02488843117061449,0.024980437007163063,AcOH,70.31379310344828,0.0,0.0,123.0,4,1,MeOH,120.0,24.0,24.0,False,1505.859554472004,523.3702797909616,4.38521006077183
81,0.1917785275341317,0.19040461976998,HCl,6.997447721179625,24.166185522788204,0.0,120.0,0,3,MeOH,150.0,10.0,24.0,False,1505.3276317608977,198.97558275930777,4.9911753559294985
82,0.1941042433664641,0.19271367409656232,HCl,4.998176943699732,17.243710455764074,0.0,120.0,0,3,MeOH,150.0,10.0,24.0,False,1519.4709371592153,203.709167038801,5.062663273949145
83,0.19643883048599203,0.19503153615614294,HCl,2.9989061662198395,10.353723538873995,0.0,120.0,0,3,MeOH,150.0,10.0,24.0,False,1561.245760073632,212.45630083355283,5.116507142158164
84,0.19765171533710327,0.19623573185974968,HCl,1.9992707774798928,6.8125151742627335,0.0,120.0,0,3,MeOH,150.0,10.0,24.0,False,1598.5851545824125,239.17380857831193,5.12566100880503
85,0.19883025972669105,0.19740583311804386,HCl,0.9996353887399464,3.4512411796246645,0.0,120.0,0,3,MeOH,150.0,10.0,24.0,False,1587.678353714502,278.40291425900557,5.14468055435972
86,0.025026074580808938,0.025118589248027214,Form,102.89921379310344,0.0,0.0,123.0,4,1,MeOH,120.0,24.0,24.0,False,1670.7150460148246,595.9425649201128,4.332007076368744
87,0.013655781270591373,0.07009061960135765,AcOH,87.82711904761904,0.0,0.0,90.0,3,6,Water,0.0,0.0,18.0,True,1125.7181642517592,37.9754080056598,4.600255587491565
88,0.011727584955183872,0.06019382411364595,AcOH,298.44166666666666,0.0,0.0,90.0,3,6,Water,0.0,0.0,18.0,True,1254.5267037719682,197.0376079907977,4.594654708702055
89,0.00904906246541965,0.04644585193954162,AcOH,740.5770270000003,0.0,0.0,90.0,3,6,Water,0.0,0.0,18.0,True,1266.7837432860094,699.1412702112386,4.605691653283899
90,0.01396473559798032,0.07167638022582275,TFA,44.339904761904755,0.0,0.0,90.0,3,6,Water,0.0,0.0,18.0,True,1249.4897275955232,120.36105648074331,4.642152482395991
91,0.008629824914322976,0.008627204036226356,None,0.0,1.0000015122873345,0.0,120.0,0,0,CHCl3,250.0,6.0,24.0,False,1075.33970299111,182.78047555447833,5.026336360464832
92,0.074748347230989,0.07572771420749005,None,0.0,0.0,0.0,120.0,2,2,CHCl3,150.0,12.0,24.0,False,1207.1932819264284,195.96586438680168,4.838092525607061
93,0.0430167491427494,0.042974486782914434,BzOH,9.99975382165605,3.0046574522293,0.0,120.0,2,2,CHCl3,95.0,19.0,24.0,False,1281.7734130510576,100.87515472579565,4.4511464271067505
94,0.008139898625395353,0.008122072902950795,HCl,23.17209056603773,80.02505660377359,0.0,50.0,5,5,DMF,200.0,16.0,24.0,False,1006.7701479707698,144.40933648161717,4.62634611272387
95,0.036916263847701705,0.03694604865355821,None,0.0,2.973828306264501,0.0,120.0,4,4,DMF,200.0,24.0,72.0,False,1160.0855518469882,155.262969407557,5.409281368063073
96,0.024478686356286423,0.024379728397116603,BzOH,15.846720000000001,107.454744,0.0,120.0,8,8,DMF,120.0,24.0,24.0,False,1179.9578562996844,234.67397028230084,4.3509270597078675
97,0.16181800686128894,0.3236472406090513,HCl,2.00003914308384,7.528036392488759,0.0,220.0,4,4,DMF,270.0,72.0,24.0,False,1210.4834846607218,266.73604697480386,5.614791880174335
98,0.017439613540353966,0.01744483233244625,BzOH,10.004074285714283,1.3320732857142856,0.0,120.0,4,4,DMF,200.0,24.0,24.0,False,1381.5101875801483,382.26839138665997,5.176417057718944
99,0.042959025335013286,0.08586555643950526,None,0.0,3.000515021459228,0.0,120.0,1,1,DMF,100.0,12.0,24.0,False,1247.0091117140496,179.05082809083734,4.1842110394610526
100,0.028864713237129257,0.02871977529082833,Form,200.52279069767445,0.0,0.0,120.0,2,2,DMF,200.0,24.0,72.0,False,1416.5894489937584,469.5002718853143,4.826914845085809
101,0.03052654137949355,0.03037325892077428,Form,150.3920930232558,0.0,0.0,120.0,2,2,DMF,200.0,24.0,72.0,False,1390.2405885461387,319.00563068957587,4.840870172661853
102,0.03645385097923519,0.03648326270081725,AcOH,6.001726218097447,2.973828306264501,0.0,120.0,4,4,DMF,200.0,24.0,72.0,False,1327.6067529993866,187.61513966708577,5.346373561586164
103,0.03600287916110585,0.03603192702928972,AcOH,12.003452436194895,2.973828306264501,0.0,120.0,4,4,DMF,200.0,24.0,72.0,False,1351.8579333250345,191.77103321497424,5.31090920402716
104,0.036610077645710594,0.03663961541420113,Form,6.001726218097447,2.973828306264501,0.0,120.0,4,4,DMF,200.0,24.0,72.0,False,1409.4850192297677,211.47331682994943,5.339820708372663
105,0.017439613540353966,0.01744483233244625,BzOH,20.006761428571426,1.3320732857142856,0.0,120.0,4,4,DMF,200.0,24.0,24.0,False,1388.88669913723,385.1357715295377,5.145297919315766
106,0.034305310552493085,0.03433298878718305,AcOH,36.01035730858469,2.973828306264502,0.0,120.0,4,4,DMF,200.0,24.0,72.0,False,1460.8879609622486,281.8084186837777,5.190373103607298
107,0.02259584611417448,0.022482385935172683,AcOH,300.7841860465116,0.0,0.0,120.0,2,2,DMF,200.0,24.0,72.0,False,1406.204471620274,564.0064740157794,4.90570129200755
108,0.03629610249251315,0.03632538693935066,TFA,6.001726218097447,2.973828306264501,0.0,120.0,4,4,DMF,200.0,24.0,72.0,False,1434.2619294624392,241.0639898932107,5.3261947763798
109,0.036309285139458115,0.03633858022232805,Form,12.003452436194895,2.973828306264501,0.0,120.0,4,4,DMF,200.0,24.0,72.0,False,1464.703590048262,212.4772156355859,5.305602235736617
110,0.026030567732009426,0.0258998608375002,Form,300.7841860465116,0.0,0.0,120.0,2,2,DMF,200.0,24.0,72.0,False,1441.7510646651058,612.9790218985897,4.824296718487789
111,0.017439613540353966,0.01744483233244625,BzOH,30.00944857142857,1.3320732857142856,0.0,120.0,4,4,DMF,200.0,24.0,24.0,False,1473.38150006649,445.83157996978406,5.124273932234015
112,0.017439613540353966,0.01744483233244625,BzOH,40.01213571428571,1.3320732857142856,0.0,120.0,4,4,DMF,200.0,24.0,24.0,False,1511.8314894493708,675.4741880496108,5.122799416142627
113,0.03515296705135725,0.03518132919285739,Form,36.01035730858469,2.973828306264501,0.0,120.0,4,4,DMF,200.0,24.0,72.0,False,1596.4385853507854,287.0045339681267,5.2172847385775
114,0.017439613540353966,0.01744483233244625,BzOH,50.01621,1.3320732857142856,0.0,120.0,4,4,DMF,200.0,24.0,24.0,False,1516.560072122343,755.4177045115714,5.122945044619264
115,0.0304732607120603,0.03049784716961375,AcOH,100.05580510440836,2.973828306264501,0.0,120.0,4,4,DMF,200.0,24.0,72.0,False,1508.2133211652565,613.6047000700739,5.024595717059513
116,0.06868617865448866,0.06853763560404506,AcOH,50.33183505154639,1.3333731958762889,0.0,100.0,3,3,DMF,300.0,2.0,336.0,False,1496.225107522665,209.57040100027197,4.886595678677373
117,0.03569608875454306,0.0357248890978762,TFA,12.003452436194895,2.973828306264501,0.0,120.0,4,4,DMF,200.0,24.0,72.0,False,1528.6919441806124,243.76602542218984,5.2925657336312995
118,0.032401613582915184,0.03242775587548267,Form,100.05580510440836,2.973828306264501,0.0,120.0,4,4,DMF,200.0,24.0,72.0,False,1633.7629413501509,427.21393559048227,5.00967884571563
119,0.033483016556340214,0.03351003134721218,TFA,36.01035730858469,2.973828306264501,0.0,120.0,4,4,DMF,200.0,24.0,72.0,False,1652.0926877268564,364.9545881128179,4.99362223053807
120,0.16213502906722288,0.3243062044081984,HCl,2.000343347639485,6.905185236051503,0.0,220.0,1,2,Acetone,250.0,0.0,16.0,False,1051.90899183668,212.59677854875827,5.397834419890965
121,0.08153106762787506,0.06019382411364594,None,0.0,0.0,0.0,120.0,0,5,Acetone,110.0,12.0,48.0,False,1108.9665659231491,171.83199720589545,4.534428374815439
122,0.04985680441044677,0.0522276124253236,None,0.0,3.000515021459228,0.0,120.0,2,5,Acetone,120.0,4.0,16.0,False,1098.9856107763815,141.88780809250292,5.189910823949926
123,0.06654355728320377,0.06646123601737071,AcOH,29.962285714285716,0.0,24.0,120.0,2,2,Acetone,150.0,12.0,24.0,False,1130.3733781504607,343.4483267244067,4.54399494852657
124,0.03102535702429596,0.03789981518266596,AcOH,41.78183333333333,0.0,0.0,120.0,4,8,Acetone,120.0,12.0,24.0,True,1220.2844218251303,43.66811300482118,4.591517743359019
125,0.06847618145634016,0.06839146933443016,AcOH,14.981142857142856,23.96982857142857,48.0,120.0,2,2,Acetone,150.0,12.0,24.0,False,1189.7749551421125,38.66016969581034,4.351807039369546
126,0.06847618145634016,0.06839146933443016,AcOH,14.981142857142856,23.96982857142857,24.0,120.0,2,2,Acetone,150.0,12.0,24.0,False,1211.257835950327,52.03755959581258,4.3475397024173965
127,0.06950289638030027,0.06941691410579187,AcOH,14.981142857142856,11.984914285714288,48.0,120.0,2,2,Acetone,150.0,12.0,24.0,False,1192.9773914574523,47.40070949146056,4.508488000086811
128,0.06654355728320377,0.06646123601737071,AcOH,29.962285714285716,0.0,0.0,120.0,2,2,Acetone,150.0,12.0,24.0,False,1230.013700859853,270.4918524642111,4.622717608483136
129,0.06560182090861835,0.06552066466812513,AcOH,29.962285714285716,11.984914285714288,48.0,120.0,2,2,Acetone,150.0,12.0,24.0,False,1248.9321510880482,71.95315902852789,4.364186300038782
130,0.06468636781298599,0.0646063440826969,AcOH,29.962285714285716,23.96982857142857,48.0,120.0,2,2,Acetone,150.0,12.0,24.0,False,1243.9601667806744,66.20110760482521,4.324341055569779
131,0.02574665293511844,0.025883344368867755,None,0.0,0.0,0.0,120.0,3,9,Acetone,120.0,18.0,24.0,False,1206.4847698047056,124.51823328778822,4.23357775052423
132,0.06950289638030027,0.06941691410579187,AcOH,14.981142857142856,11.984914285714288,24.0,120.0,2,2,Acetone,150.0,12.0,24.0,False,1213.6004356691683,60.77809939146286,4.5497110597165875
133,0.06654355728320377,0.06646123601737071,AcOH,29.962285714285716,0.0,48.0,120.0,2,2,Acetone,150.0,12.0,24.0,False,1118.1858082120873,327.8550694207538,4.495983988643876
134,0.06468636781298599,0.0646063440826969,AcOH,29.962285714285716,23.96982857142857,24.0,120.0,2,2,Acetone,150.0,12.0,24.0,False,1264.4627075849507,79.57849750482751,4.338468942678321
135,0.03221863998676888,0.03935750038199927,Form,23.87533333333333,0.0,0.0,120.0,4,8,Acetone,120.0,12.0,24.0,True,1293.343373424253,42.437307375791534,4.592074092856565
136,0.025491735579325187,0.02562707363254233,AcOH,6.000779999999999,0.0,0.0,120.0,3,9,Acetone,120.0,18.0,24.0,False,1329.709049952459,152.34612882114664,4.2689412794272155
137,0.06468636781298599,0.0646063440826969,AcOH,29.962285714285716,23.96982857142857,0.0,120.0,2,2,Acetone,150.0,12.0,24.0,False,1451.895211075762,93.07441297503581,4.345676950997907
138,0.07830044909840743,0.07622181612171144,Form,99.9391812865497,0.0,0.0,120.0,0,1,Acetone,25.0,24.0,23.0,False,1403.8989049054737,222.98369763909824,4.127896571409806
139,0.02528090782641397,0.02541512657500181,Form,15.00195,5.227864000000001,0.0,120.0,3,9,Acetone,120.0,18.0,24.0,False,1405.6745328698032,131.36042129084444,4.051825881973688
140,0.018738950671985426,0.01882029126033891,AcOH,16.89195266272189,0.0,0.0,120.0,1,7,Acetone,250.0,24.0,24.0,False,1371.6240397238937,179.0382052324069,4.873862506662053
141,0.0331108163566814,0.035299283267672225,AcOH,32.62560000000001,20.693952000000007,0.0,120.0,3,7,Acetone,120.0,12.0,24.0,False,1450.770990343644,159.48065560792946,4.279105346292625
142,0.06560182090861835,0.06552066466812513,AcOH,29.962285714285716,11.984914285714288,24.0,120.0,2,2,Acetone,150.0,12.0,24.0,False,1273.648151724423,85.33054892853019,4.398439307612963
143,0.02452062184296994,0.02465080416082644,AcOH,30.0039,0.0,0.0,120.0,3,9,Acetone,120.0,18.0,24.0,False,1425.2343752890179,182.75074335414573,4.287359656285522
144,0.018406025152432386,0.018485920603429337,AcOH,33.78390532544378,0.0,0.0,120.0,1,7,Acetone,250.0,24.0,48.0,False,1464.596212736949,210.07191956809027,4.835736873292539
145,0.03561171414962667,0.03954763323408622,HCl,11.327217803030305,39.34003787878788,0.0,120.0,4,8,Acetone,150.0,15.0,24.0,True,1428.132428101171,184.20810337996946,4.541428221719168
146,0.07273770282264183,0.07264771875784855,None,0.0,23.96982857142857,0.0,120.0,2,2,Acetone,150.0,12.0,24.0,False,1337.613117415525,64.51101007315657,4.611913090249567
147,0.018406025152432386,0.018485920603429337,AcOH,33.78390532544378,0.0,0.0,120.0,1,7,Acetone,250.0,24.0,24.0,False,1474.5163056110673,216.26207438328498,4.838357254515598
148,0.06847618145634016,0.06839146933443016,AcOH,14.981142857142856,23.96982857142857,0.0,120.0,2,2,Acetone,150.0,12.0,24.0,False,1416.8506757461962,67.55437218457129,4.380060552464115
149,0.02210013127477977,0.022217462977568887,AcOH,100.01299999999998,0.0,0.0,120.0,3,9,Acetone,120.0,18.0,24.0,False,1471.8274683022157,632.212931219764,4.299364896928886
150,0.02484378027245681,0.02497567826920819,Form,30.0039,10.44796,0.0,120.0,3,9,Acetone,120.0,18.0,24.0,False,1490.7820691076013,108.93590142966463,4.134257680355933
151,0.008853015774615967,0.00788948180130311,BzOH,29.609788235294115,0.0,0.0,120.0,3,4,Acetone,120.0,36.0,24.0,False,1467.0828367182978,228.60862632347116,4.6551432502438645
152,0.02094211599139977,0.025582375248299524,BzOH,36.657589916666666,0.0,0.0,120.0,4,8,Acetone,120.0,12.0,24.0,True,1474.2542577084769,300.29280320268776,4.1815555606234325
153,0.02574665293511844,0.025883344368867755,BzOH,30.0039,0.0,0.0,120.0,3,9,Acetone,120.0,18.0,24.0,False,1465.2923499576318,146.04327207267897,4.294502702577474
154,0.06950289638030027,0.06941691410579187,AcOH,14.981142857142856,11.984914285714288,0.0,120.0,2,2,Acetone,150.0,12.0,24.0,False,1406.6034589318115,76.29491198022151,4.495865954000449
155,0.04999932934004213,0.05233199458266409,Form,99.93138936535163,2.997941680960549,0.0,120.0,2,5,Acetone,120.0,4.0,24.0,False,1543.7645695870142,224.23100811694425,4.710902899311589
156,0.0348308811033239,0.037133036083561895,AcOH,6.525120000000001,20.693952000000003,0.0,120.0,3,7,Acetone,120.0,12.0,24.0,False,1454.7322580953496,120.89337249826812,4.561588028342053
157,0.024312231289063683,0.02444130724161261,TFA,30.0039,0.0,0.0,120.0,3,9,Acetone,120.0,18.0,24.0,False,1528.6577039525798,155.69036235717502,4.2898369422918385
158,0.01718477229871649,0.01725936662974208,AcOH,101.35171597633136,0.0,0.0,120.0,1,7,Acetone,250.0,24.0,24.0,False,1541.8081109219504,502.22772228736085,4.740668306715765
159,0.03352428767593546,0.04627400228736532,HCl,22.37184,77.23877759999998,0.0,80.0,3,9,Acetone,25.0,12.0,24.0,False,1546.2198810140853,153.91015167324576,4.788546884372446
160,0.017164435290078956,0.017155239872389094,BzOH,49.4239,0.0,0.0,120.0,3,3,Acetone,60.0,8.0,12.0,False,1536.3923026275418,681.6614047872762,4.244781382159574
161,0.06560182090861835,0.06552066466812513,AcOH,29.962285714285716,11.984914285714288,0.0,120.0,2,2,Acetone,150.0,12.0,24.0,False,1456.2150813710139,98.82646439873844,4.404096638054802
162,0.017774445857986175,0.017851599798409706,AcOH,67.56781065088758,0.0,0.0,120.0,1,7,Acetone,250.0,24.0,24.0,False,1532.3518499358076,456.36425306176284,4.832265959220997
163,0.028994291982343982,0.0309106762818861,AcOH,107.66448000000004,20.693952000000003,0.0,120.0,3,7,Acetone,120.0,12.0,24.0,False,1573.8346461633846,369.93830414738625,4.101119548454361
164,0.08153106762787506,0.06019382411364594,Form,66.47772631578947,0.0,0.0,120.0,0,5,Acetone,110.0,12.0,48.0,False,1590.5398020400066,262.0811833622841,4.415470527272243
165,0.04995644826856697,0.04992592586621978,Form,99.73711931330472,3.000515021459228,0.0,120.0,1,7,Acetone,80.0,12.0,24.0,False,1654.1508199779698,194.57894185195272,4.291346512546209
166,0.0369156006799616,0.036945384950760635,None,0.0,3.0008631090487237,0.0,120.0,3,6,DCM,100.0,12.0,72.0,False,1076.8122365161255,196.30259394128268,5.085553604866497
167,0.03681151628583425,0.036776784502547885,None,0.0,3.7631895348837214,0.0,120.0,3,6,DCM,170.0,12.0,21.0,False,1071.9005185261703,137.61011983266047,5.000414899524555
168,0.036004701474203635,0.03603375081266743,AcOH,12.003452436194895,3.0008631090487237,0.0,120.0,3,6,DCM,100.0,12.0,72.0,False,1250.3982560336872,236.85139814125125,4.519041498159856
169,0.034309829023075965,0.034337510903361526,AcOH,36.01035730858469,3.000863109048724,0.0,120.0,3,6,DCM,100.0,12.0,72.0,False,1378.1719002005714,273.78141642770095,4.370326743241959
170,0.03041709744730609,0.03038839881863412,AcOH,99.99041860465117,3.7631895348837214,0.0,120.0,3,6,DCM,170.0,12.0,21.0,False,1516.4558324026023,351.60994361057897,4.4355457916173044
171,0.030482853859514505,0.0305074480570179,AcOH,100.05580510440834,3.0008631090487237,0.0,120.0,3,6,DCM,100.0,12.0,72.0,False,1462.4334504946953,436.10203308648113,4.063719311629243
172,0.035704944096149376,0.03573375158415543,TFA,12.003452436194895,3.000863109048724,0.0,120.0,3,6,DCM,100.0,12.0,72.0,False,1487.65493434998,358.7518761469108,4.477091004593639
173,0.02591085999746165,0.025886413018228114,AcOH,199.9998055813954,3.7631895348837214,0.0,120.0,3,6,DCM,170.0,12.0,21.0,False,1531.0061436742503,556.0902879514813,4.389958028108466
174,0.03350703854791268,0.03353407272022474,TFA,36.01035730858469,3.000863109048724,0.0,120.0,3,6,DCM,100.0,12.0,72.0,False,1637.7459030684372,422.8500586741693,4.100757953276734
175,0.03232899163899927,0.032298489132045916,Form,99.99041860465117,3.7631895348837214,0.0,120.0,3,6,DCM,170.0,12.0,21.0,False,1697.7031968282927,209.8859966142872,4.438513782201896
176,0.028814009820161787,0.028786823709790407,Form,199.9998055813953,3.7631895348837214,0.0,120.0,3,6,DCM,170.0,12.0,21.0,False,1741.2516603591716,454.0723638576274,4.397670875100779
177,0.07273770282264183,0.07264771875784855,None,0.0,23.96982857142857,24.0,120.0,2,2,Acetone,150.0,12.0,24.0,False,1100.1920176614562,66.2811368571858,4.688507715449731
178,0.008139898625395353,0.008122072902950795,HCl,23.17209056603773,80.02505660377359,0.0,70.0,5,5,DMF,200.0,16.0,24.0,False,1002.3020444580291,155.20464494575373,4.62634611272387
179,0.157735586797075,0.3158332381308061,HCl,2.1140629463105,7.2975234065062144,0.0,220.0,2,2,DMF,200.0,24.0,24.0,False,1033.2248911001554,221.2037543775088,5.617480136017873
180,0.03365575547074305,0.059013553052594064,AcOH,10.1955,0.0,0.0,120.0,1,2,Ethanol,80.0,12.0,24.0,False,1039.138545973353,93.15020155425947,4.588685383797125
181,0.03396453115183077,0.04716886487697935,None,0.0,0.0,0.0,120.0,2,3,Ethanol,300.0,1.0,24.0,False,847.5343254871534,138.63711936443738,5.320770544092447
182,0.09000600755235152,0.12499749192399527,Form,23.091051251489873,0.0,0.0,120.0,2,3,Ethanol,300.0,1.0,24.0,False,967.0054350015187,145.0742402612669,5.035471515487514
183,0.026978027271846883,0.037743972388774916,None,0.0,14.00203475513428,0.0,100.0,1,1,MeOH,150.0,24.0,12.0,False,1046.4044953785487,62.48900462559715,4.092178155611919
184,0.09165475154896532,0.09350496949692574,TFA,0.0,0.0,0.5,120.0,5,2,MeOH,150.0,8.0,72.0,False,1127.4927624302074,296.4637972171619,5.2156928439377825
185,0.1016992790937178,0.1348341660145669,BzOH,13.274430379746835,0.0,0.0,120.0,2,5,MeOH,120.0,24.0,24.0,False,1164.1422740866246,376.59885935136043,4.990684322192286
186,0.07627327136408686,0.07548940391906017,NH3,0.16830666666666666,4.440706666666666,0.5,110.0,0,3,MeOH,80.0,0.0,3.0,False,1104.728002695721,54.628550849823256,4.209230492392014
187,0.07627327136408686,0.07548940391906017,NH3,0.16830666666666666,4.440706666666666,0.5,110.0,0,3,MeOH,80.0,0.0,0.5,False,1103.0855279340599,46.95131645607793,4.205377371243786
188,0.0136057576187628,0.01356395860212687,HF,3.0004999245283037,4.87581237735849,0.0,120.0,2,4,MeOH,90.0,12.0,24.0,False,887.7853573894472,724.5071230536032,3.621751559927067
189,0.0266288372877675,0.03725543343873528,None,0.0,41.00595892575039,0.0,100.0,1,1,MeOH,150.0,24.0,12.0,False,869.1634471205564,49.341716551778944,5.12912824133712
190,0.026288571274529302,0.03677937969028705,None,0.0,68.00988309636651,0.0,100.0,1,1,MeOH,150.0,24.0,12.0,False,848.5417267440183,46.27473986136843,5.223989733647837
191,0.0246140271818938,0.024666393727740914,BzOH,15.684117314373436,106.90388085427273,0.0,120.0,3,6,MeOH,120.0,12.0,12.0,False,921.368541838346,252.05141180845698,3.8280273688851567
192,0.02522754010689478,0.037843044539707126,None,0.0,43.201652117843246,0.0,110.0,3,6,MeOH,100.0,12.0,24.0,False,994.394684205839,42.29655529034821,5.334734322759192
193,0.1940873342783067,0.19269688614567612,HF,6.997447721179624,1.8298325790884715,0.0,120.0,0,3,MeOH,150.0,10.0,24.0,False,1017.3721691518226,249.41609969632142,5.232522762139579
194,0.12305385593990432,0.1224531225841327,HCl,1.9119238974358967,117.5158974358974,0.0,120.0,3,3,MeOH,200.0,3.0,24.0,False,1045.4194065602167,214.4259669603509,5.042665413154606
195,0.02506477404707361,0.04897744253836542,None,0.0,57.50219899944414,0.0,110.0,3,6,MeOH,100.0,12.0,24.0,False,996.2331788386318,38.83990344362036,5.637695363395601
196,0.02539359462378691,0.04961996941178393,None,0.0,28.80110141189549,0.0,110.0,3,6,MeOH,100.0,12.0,24.0,False,1107.5668361925038,44.64657926722563,5.351017489546131
197,0.09493759249434562,0.06019382411364594,None,0.0,0.0,0.0,120.0,2,1,MeOH,200.0,12.0,6.0,True,981.6054715627358,215.5687178793507,4.788269163075825
198,0.1949271830996452,0.1935307182620624,HF,5.997812332439678,1.5684279249329758,0.0,120.0,0,3,MeOH,150.0,10.0,24.0,False,1064.8083615284756,263.1502346304516,5.265389698395673
199,0.017164435290078956,0.015697605111990018,AcOH,19.99117647058824,0.0,0.0,120.0,1,2,MeOH,60.0,12.0,24.0,False,1068.1754540148481,231.62691737702855,4.4765688013723635
200,0.09000600755235152,0.12499749192399527,AcOH,22.035566150178784,0.0,0.0,120.0,2,3,MeOH,300.0,1.0,24.0,False,1004.0068090560799,203.77321019928962,5.032750099093962
201,0.03669503434873144,0.03669920655379125,AcOH,3.002008333333333,5.993227777777778,0.0,120.0,2,4,THF,160.0,12.0,72.0,False,1020.4309875154343,184.30098843786652,5.0352987292549445
202,0.01716443529007896,0.017155239872389094,None,0.0,0.0,0.0,120.0,1,2,Ethanol,300.0,1.0,24.0,False,1060.227607801828,112.85369574419249,5.257833218377727
203,0.03396453115183077,0.04716886487697935,None,0.0,0.0,0.0,120.0,2,3,Ethanol,300.0,1.0,24.0,False,847.5343254871534,138.63711936443738,5.320770544092447
204,0.03365575547074305,0.059013553052594064,AcOH,10.1955,0.0,0.0,120.0,1,2,Ethanol,80.0,12.0,24.0,False,1039.138545973353,93.15020155425947,4.588685383797125
205,0.019683380461346787,0.018430456326767503,AcOH,35.13165829145729,0.0,0.0,120.0,1,2,Ethanol,60.0,12.0,48.0,False,1153.2249090589248,141.57536040151342,4.44968339539106
206,0.09000600755235152,0.12499749192399527,AcOH,22.035566150178784,0.0,0.0,120.0,2,3,Ethanol,300.0,1.0,24.0,False,964.6644021318763,152.01031586336532,5.032750099093962
207,0.09000600755235152,0.12499749192399527,Form,23.091051251489873,0.0,0.0,120.0,2,3,Ethanol,300.0,1.0,24.0,False,967.0054350015187,145.0742402612669,5.035471515487514
208,0.04389881148357789,0.08621110358987652,Form,100.44024,0.0,0.0,120.0,3,6,Ethanol,150.0,18.0,24.0,False,1292.8574482003703,154.22652405561087,4.545042868975323
209,0.01716443529007896,0.017155239872389094,BzOH,9.991589999999997,0.0,0.0,120.0,1,2,Ethanol,300.0,1.0,24.0,False,1217.7009724916136,105.81006322854014,5.366546580658636
210,0.01716443529007896,0.017155239872389094,BzOH,29.97476999999999,0.0,0.0,120.0,1,2,Ethanol,300.0,1.0,24.0,False,1324.5158250646575,149.46022582964673,5.472910994711905
211,0.020494335736354275,0.019189791127430328,BzOH,35.13165829145729,0.0,0.0,120.0,1,2,Ethanol,60.0,12.0,48.0,False,1200.3653402647656,277.85397073688466,4.44968339539106
212,0.07273770282264183,0.07264771875784855,None,0.0,23.96982857142857,0.0,120.0,2,2,Acetone,150.0,12.0,24.0,False,1337.613117415525,64.51101007315657,4.611913090249567
213,0.07273770282264183,0.07264771875784855,None,0.0,23.96982857142857,24.0,120.0,2,2,Acetone,150.0,12.0,24.0,False,1100.1920176614562,66.2811368571858,4.688507715449731
214,0.02574665293511844,0.025883344368867755,None,0.0,0.0,0.0,120.0,3,9,Acetone,120.0,18.0,24.0,False,1206.4847698047056,124.51823328778822,4.23357775052423
215,0.03102535702429596,0.03789981518266596,AcOH,41.78183333333333,0.0,0.0,120.0,4,8,Acetone,120.0,12.0,24.0,True,1220.2844218251303,43.66811300482118,4.591517743359019
216,0.06468636781298599,0.0646063440826969,AcOH,29.962285714285716,23.96982857142857,0.0,120.0,2,2,Acetone,150.0,12.0,24.0,False,1451.895211075762,93.07441297503581,4.345676950997907
217,0.06468636781298599,0.0646063440826969,AcOH,29.962285714285716,23.96982857142857,24.0,120.0,2,2,Acetone,150.0,12.0,24.0,False,1264.4627075849507,79.57849750482751,4.338468942678321
218,0.06468636781298599,0.0646063440826969,AcOH,29.962285714285716,23.96982857142857,48.0,120.0,2,2,Acetone,150.0,12.0,24.0,False,1243.9601667806744,66.20110760482521,4.324341055569779
219,0.06950289638030027,0.06941691410579187,AcOH,14.981142857142856,11.984914285714288,0.0,120.0,2,2,Acetone,150.0,12.0,24.0,False,1406.6034589318115,76.29491198022151,4.495865954000449
220,0.06950289638030027,0.06941691410579187,AcOH,14.981142857142856,11.984914285714288,24.0,120.0,2,2,Acetone,150.0,12.0,24.0,False,1213.6004356691683,60.77809939146286,4.5497110597165875
221,0.06950289638030027,0.06941691410579187,AcOH,14.981142857142856,11.984914285714288,48.0,120.0,2,2,Acetone,150.0,12.0,24.0,False,1192.9773914574523,47.40070949146056,4.508488000086811
222,0.06847618145634016,0.06839146933443016,AcOH,14.981142857142856,23.96982857142857,0.0,120.0,2,2,Acetone,150.0,12.0,24.0,False,1416.8506757461962,67.55437218457129,4.380060552464115
223,0.06847618145634016,0.06839146933443016,AcOH,14.981142857142856,23.96982857142857,24.0,120.0,2,2,Acetone,150.0,12.0,24.0,False,1211.257835950327,52.03755959581258,4.3475397024173965
224,0.06847618145634016,0.06839146933443016,AcOH,14.981142857142856,23.96982857142857,48.0,120.0,2,2,Acetone,150.0,12.0,24.0,False,1189.7749551421125,38.66016969581034,4.351807039369546
225,0.06560182090861835,0.06552066466812513,AcOH,29.962285714285716,11.984914285714288,0.0,120.0,2,2,Acetone,150.0,12.0,24.0,False,1456.2150813710139,98.82646439873844,4.404096638054802
226,0.06560182090861835,0.06552066466812513,AcOH,29.962285714285716,11.984914285714288,24.0,120.0,2,2,Acetone,150.0,12.0,24.0,False,1273.648151724423,85.33054892853019,4.398439307612963
227,0.06560182090861835,0.06552066466812513,AcOH,29.962285714285716,11.984914285714288,48.0,120.0,2,2,Acetone,150.0,12.0,24.0,False,1248.9321510880482,71.95315902852789,4.364186300038782
228,0.06654355728320377,0.06646123601737071,AcOH,29.962285714285716,0.0,0.0,120.0,2,2,Acetone,150.0,12.0,24.0,False,1230.013700859853,270.4918524642111,4.622717608483136
229,0.06654355728320377,0.06646123601737071,AcOH,29.962285714285716,0.0,24.0,120.0,2,2,Acetone,150.0,12.0,24.0,False,1130.3733781504607,343.4483267244067,4.54399494852657
230,0.06654355728320377,0.06646123601737071,AcOH,29.962285714285716,0.0,48.0,120.0,2,2,Acetone,150.0,12.0,24.0,False,1118.1858082120873,327.8550694207538,4.495983988643876
231,0.025491735579325187,0.02562707363254233,AcOH,6.000779999999999,0.0,0.0,120.0,3,9,Acetone,120.0,18.0,24.0,False,1329.709049952459,152.34612882114664,4.2689412794272155
232,0.02452062184296994,0.02465080416082644,AcOH,30.0039,0.0,0.0,120.0,3,9,Acetone,120.0,18.0,24.0,False,1425.2343752890179,182.75074335414573,4.287359656285522
233,0.02210013127477977,0.022217462977568887,AcOH,100.01299999999998,0.0,0.0,120.0,3,9,Acetone,120.0,18.0,24.0,False,1471.8274683022157,632.212931219764,4.299364896928886
234,0.0348308811033239,0.037133036083561895,AcOH,6.525120000000001,20.693952000000003,0.0,120.0,3,7,Acetone,120.0,12.0,24.0,False,1454.7322580953496,120.89337249826812,4.561588028342053
235,0.0331108163566814,0.035299283267672225,AcOH,32.62560000000001,20.693952000000007,0.0,120.0,3,7,Acetone,120.0,12.0,24.0,False,1450.770990343644,159.48065560792946,4.279105346292625
236,0.028994291982343982,0.0309106762818861,AcOH,107.66448000000004,20.693952000000003,0.0,120.0,3,7,Acetone,120.0,12.0,24.0,False,1573.8346461633846,369.93830414738625,4.101119548454361
237,0.03561171414962667,0.03954763323408622,HCl,11.327217803030305,39.34003787878788,0.0,120.0,4,8,Acetone,150.0,15.0,24.0,True,1428.132428101171,184.20810337996946,4.541428221719168
238,0.024312231289063683,0.02444130724161261,TFA,30.0039,0.0,0.0,120.0,3,9,Acetone,120.0,18.0,24.0,False,1528.6577039525798,155.69036235717502,4.2898369422918385
239,0.03221863998676888,0.03935750038199927,Form,23.87533333333333,0.0,0.0,120.0,4,8,Acetone,120.0,12.0,24.0,True,1293.343373424253,42.437307375791534,4.592074092856565
240,0.02484378027245681,0.02497567826920819,Form,30.0039,10.44796,0.0,120.0,3,9,Acetone,120.0,18.0,24.0,False,1490.7820691076013,108.93590142966463,4.134257680355933
241,0.02528090782641397,0.02541512657500181,Form,15.00195,5.227864000000001,0.0,120.0,3,9,Acetone,120.0,18.0,24.0,False,1405.6745328698032,131.36042129084444,4.051825881973688
242,0.02094211599139977,0.025582375248299524,BzOH,36.657589916666666,0.0,0.0,120.0,4,8,Acetone,120.0,12.0,24.0,True,1474.2542577084769,300.29280320268776,4.1815555606234325
243,0.02574665293511844,0.025883344368867755,BzOH,30.0039,0.0,0.0,120.0,3,9,Acetone,120.0,18.0,24.0,False,1465.2923499576318,146.04327207267897,4.294502702577474
244,0.017164435290078956,0.017155239872389094,BzOH,49.4239,0.0,0.0,120.0,3,3,Acetone,60.0,8.0,12.0,False,1536.3923026275418,681.6614047872762,4.244781382159574
245,0.008853015774615967,0.00788948180130311,BzOH,29.609788235294115,0.0,0.0,120.0,3,4,Acetone,120.0,36.0,24.0,False,1467.0828367182978,228.60862632347116,4.6551432502438645
246,0.016903529315100384,0.016894473671272996,None,0.0,49.95794999999998,0.0,120.0,4,1,THF,300.0,1.0,24.0,False,1170.4214051640367,49.71117993755348,4.750642939416815
247,0.049928130310890884,0.050026448683260144,None,0.0,2.9962285714285715,0.0,120.0,3,6,THF,25.0,12.0,72.0,False,1081.5563853588526,110.30342796840054,5.403427793104031
248,0.03669503434873144,0.03669920655379125,AcOH,3.002008333333333,5.993227777777778,0.0,120.0,2,4,THF,160.0,12.0,72.0,False,1020.4309875154343,184.30098843786652,5.0352987292549445
249,0.03048946745259665,0.03049293408814107,AcOH,100.06694444444445,5.993227777777778,0.0,120.0,2,4,THF,160.0,12.0,72.0,False,1144.9876113878568,727.6284682987707,4.5681305282599265
250,0.043696374498324426,0.043782421309858564,AcOH,49.99040914285714,2.9962285714285715,0.0,120.0,3,6,THF,25.0,12.0,72.0,False,1233.3314867388146,127.50549710537142,4.931841532239523
251,0.04854352396269785,0.04863911577107045,AcOH,9.999946148571428,2.9962285714285715,0.0,120.0,3,6,THF,25.0,12.0,72.0,False,1133.2010342597582,128.36738856913558,5.063138966784689
252,0.0363083621414872,0.03631249038213144,TFA,6.034225555555557,5.993227777777778,0.0,120.0,2,4,THF,160.0,12.0,72.0,False,1140.841101147436,226.53992283286956,4.951794949564592
253,0.033582602952546864,0.03358642127588262,TFA,35.246976333333336,5.993227777777778,0.0,120.0,2,4,THF,160.0,12.0,72.0,False,1217.6533148428323,347.90560024417573,4.616641842881868
254,0.048091197178415264,0.04818589826580687,TFA,9.999946148571428,2.9962285714285715,0.0,120.0,3,6,THF,25.0,12.0,72.0,False,1244.9414666861276,157.3305046108121,5.063138966784689
255,0.045634836008687334,0.04572470003467377,Form,49.99040914285713,2.9962285714285706,0.0,120.0,3,6,THF,25.0,12.0,72.0,False,1357.114704339089,161.49762893720066,4.925368650499575
256,0.04900603934746986,0.04910254194019475,Form,9.999946148571428,2.9962285714285715,0.0,120.0,3,6,THF,25.0,12.0,72.0,False,1244.3070381123257,134.16341853329186,5.063138966784689
257,0.049928130310890884,0.050026448683260144,BzOH,9.999946148571428,2.9962285714285715,0.0,120.0,3,6,THF,25.0,12.0,72.0,False,1156.3717490680738,122.69484452607904,5.104997973875843
258,0.0015001675939003973,0.0015000260468417304,None,0.0,0.09998855835240272,0.0,120.0,2,1,MeOH,0.0,0.0,18.0,False,1078.3121455299172,217.50544620856095,3.5458957963544044
259,0.017110537098219566,0.017001362540198062,None,0.0,10.1955,0.0,120.0,0,3,MeOH,80.0,0.0,24.0,False,1154.2344904381112,108.454455331064,4.044041797110433
260,0.027070058037886258,0.037872729271452285,None,0.0,7.001017377567141,0.0,100.0,1,1,MeOH,150.0,24.0,12.0,False,1068.1059366873724,85.57935912769099,4.010182002098544
261,0.026978027271846883,0.037743972388774916,None,0.0,14.00203475513428,0.0,100.0,1,1,MeOH,150.0,24.0,12.0,False,1046.4044953785487,62.48900462559715,4.092178155611919
262,0.02680876275193613,0.03750716058257672,None,0.0,27.00392417061612,0.0,100.0,1,1,MeOH,150.0,24.0,12.0,False,1009.2370439353584,54.53418584391741,4.649093712707636
263,0.0266288372877675,0.03725543343873528,None,0.0,41.00595892575039,0.0,100.0,1,1,MeOH,150.0,24.0,12.0,False,869.1634471205564,49.341716551778944,5.12912824133712
264,0.026288571274529302,0.03677937969028705,None,0.0,68.00988309636651,0.0,100.0,1,1,MeOH,150.0,24.0,12.0,False,848.5417267440183,46.27473986136843,5.223989733647837
265,0.0256468160815388,0.025649324745388568,None,0.0,7.200275352973874,0.0,110.0,3,6,MeOH,100.0,12.0,24.0,False,1182.5628631050636,103.7732828533297,3.6151695055179864
266,0.025561849656883986,0.025564350009674896,None,0.0,14.400550705947747,0.0,110.0,3,6,MeOH,100.0,12.0,24.0,False,1216.1798999158977,91.90988488970257,3.590781818154009
267,0.02539359462378691,0.025396078518577045,None,0.0,28.80110141189549,0.0,110.0,3,6,MeOH,100.0,12.0,24.0,False,1224.0016223526147,81.62746782578051,3.8209206402077562
268,0.02522754010689478,0.02523000775892939,None,0.0,43.201652117843246,0.0,110.0,3,6,MeOH,100.0,12.0,24.0,False,1175.43023566708,75.89864833713156,3.9784311202892444
269,0.02506477404707361,0.025067225778015758,None,0.0,57.50219899944414,0.0,110.0,3,6,MeOH,100.0,12.0,24.0,False,1177.2952237757502,76.0583062789045,4.090045473702655
270,0.0256468160815388,0.03847198732666344,None,0.0,7.200275352973874,0.0,110.0,3,6,MeOH,100.0,12.0,24.0,False,1110.8765545052704,80.15943158769366,4.795914104758975
271,0.025561849656883986,0.03834453184828674,None,0.0,14.400550705947747,0.0,110.0,3,6,MeOH,100.0,12.0,24.0,False,1122.6058536234948,58.314982291661295,4.735113711180761
272,0.02539359462378691,0.03809213773120109,None,0.0,28.80110141189549,0.0,110.0,3,6,MeOH,100.0,12.0,24.0,False,1108.120302760398,48.15743523308478,5.13345525126679
273,0.02522754010689478,0.037843044539707126,None,0.0,43.201652117843246,0.0,110.0,3,6,MeOH,100.0,12.0,24.0,False,994.394684205839,42.29655529034821,5.334734322759192
274,0.02506477404707361,0.0375988842598992,None,0.0,57.50219899944414,0.0,110.0,3,6,MeOH,100.0,12.0,24.0,False,997.9730599354217,41.663535156612255,5.439276187797491
275,0.0256468160815388,0.05011477297048477,None,0.0,7.200275352973874,0.0,110.0,3,6,MeOH,100.0,12.0,24.0,False,1108.993931598634,76.7876143197112,5.0810431932686475
276,0.025561849656883986,0.04994874561378864,None,0.0,14.400550705947747,0.0,110.0,3,6,MeOH,100.0,12.0,24.0,False,1122.1245555737032,54.94316502367889,5.0261033421874055
277,0.02539359462378691,0.04961996941178393,None,0.0,28.80110141189549,0.0,110.0,3,6,MeOH,100.0,12.0,24.0,False,1107.5668361925038,44.64657926722563,5.351017489546131
278,0.02522754010689478,0.04929549309517936,None,0.0,43.201652117843246,0.0,110.0,3,6,MeOH,100.0,12.0,24.0,False,994.394684205839,39.47292357735631,5.543147775634813
279,0.02506477404707361,0.04897744253836542,None,0.0,57.50219899944414,0.0,110.0,3,6,MeOH,100.0,12.0,24.0,False,996.2331788386318,38.83990344362036,5.637695363395601
280,0.07627327136408686,0.07548940391906017,NH3,0.16830666666666666,4.440706666666666,0.5,110.0,0,3,MeOH,80.0,0.0,0.5,False,1103.0855279340599,46.95131645607793,4.205377371243786
281,0.07627327136408686,0.07548940391906017,NH3,0.16830666666666666,4.440706666666666,0.5,110.0,0,3,MeOH,80.0,0.0,1.0,False,1103.0855279340599,47.5663914222381,4.205377371243786
282,0.07627327136408686,0.07548940391906017,NH3,0.16830666666666666,4.440706666666666,0.5,110.0,0,3,MeOH,80.0,0.0,3.0,False,1104.728002695721,54.628550849823256,4.209230492392014
283,0.07627327136408686,0.07548940391906017,NH3,0.16830666666666666,4.440706666666666,0.5,110.0,0,3,MeOH,80.0,0.0,5.0,False,1123.439758710569,63.785216400080486,4.211935324851849
284,0.07627327136408686,0.07548940391906017,NH3,0.16830666666666666,4.440706666666666,0.5,110.0,0,3,MeOH,80.0,0.0,10.0,False,1127.536183306493,75.00077697235116,4.2309403637913015
285,0.07627327136408686,0.07548940391906017,NH3,0.16830666666666666,4.440706666666666,0.5,110.0,0,3,MeOH,80.0,0.0,15.0,False,1150.1326153799064,80.58653102416946,4.432639115935663
286,0.07627327136408686,0.07548940391906017,NH3,0.16830666666666666,4.440706666666666,0.5,110.0,0,3,MeOH,80.0,0.0,20.0,False,1209.140270324449,116.66229816846567,4.533176502253803
287,0.017164435290078956,0.015697605111990018,AcOH,19.99117647058824,0.0,0.0,120.0,1,2,MeOH,60.0,12.0,24.0,False,1068.1754540148481,231.62691737702855,4.4765688013723635
288,0.09596728996050537,0.09615626855215006,HCl,1.1319085714285717,4.1860642285714285,0.0,120.0,3,6,MeOH,320.0,12.0,21.0,False,1172.8476697194503,782.7535124416461,5.018623176301473
289,0.16300640656974336,0.16221062991664328,HCl,1.9119238974358967,6.600808205128202,0.0,120.0,3,3,MeOH,200.0,3.0,24.0,False,1195.1325361279,262.41771630290236,4.856809729990513
290,0.14024014866894122,0.1395555140064976,HCl,1.9119238974358967,61.74564102564102,0.0,120.0,3,3,MeOH,200.0,3.0,24.0,False,1060.4015116527082,211.6001925766165,4.994376257199312
291,0.0902034887616762,0.09038111728775666,TFA,9.987428571428572,0.0,0.0,120.0,3,6,MeOH,320.0,12.0,21.0,False,1228.9986873429352,683.9533911580345,4.986651801163642
292,0.08773642573925118,0.08950754515040289,TFA,6.355636363636362,0.0,0.5,120.0,5,2,MeOH,150.0,8.0,72.0,False,1259.213382718702,289.6863495584525,5.084336103760878
293,0.08082567987622796,0.08245729330636431,TFA,19.06690909090909,0.0,0.5,120.0,5,2,MeOH,150.0,8.0,72.0,False,1357.8636068871194,312.387302417211,4.847129829056472
294,0.07776309233561306,0.0793328818631248,TFA,25.42254545454545,0.0,0.5,120.0,5,2,MeOH,150.0,8.0,72.0,False,1407.3962261238464,434.81425187134914,4.766424837613178
295,0.09217735801116453,0.12220988490398525,TFA,13.274430379746835,0.0,0.0,120.0,2,5,MeOH,120.0,24.0,24.0,False,1332.7822935221889,408.10343219264905,4.822069393199101
296,0.03630038402146946,0.036388744560005896,TFA,6.001726218097447,3.0035665893271464,0.0,120.0,2,2,MeOH,200.0,24.0,72.0,False,1238.889310648672,189.13611073518533,5.087703233586751
297,0.025026074580808938,0.025118589248027214,Form,102.89921379310344,0.0,0.0,123.0,4,1,MeOH,120.0,24.0,24.0,False,1670.7150460148246,595.9425649201128,4.332007076368744
298,0.0967642998037277,0.12829130924316548,Form,13.274430379746835,0.0,0.0,120.0,2,5,MeOH,120.0,24.0,24.0,False,1333.4462270486106,409.7730624962274,4.869754562570612
299,0.1016992790937178,0.1348341660145669,BzOH,13.274430379746835,0.0,0.0,120.0,2,5,MeOH,120.0,24.0,24.0,False,1164.1422740866246,376.59885935136043,4.990684322192286
300,0.008712251245721895,0.008709863943716952,BzOH,19.999701492537312,0.0,0.0,120.0,3,5,MeOH,25.0,12.0,24.0,False,1224.2225915271354,228.3675786125494,4.114742112866985
301,0.008712251245721895,0.008709863943716952,BzOH,79.99880597014925,0.0,0.0,120.0,3,5,MeOH,25.0,12.0,24.0,False,1345.028882225473,1005.5875919347781,4.14999094919301
302,0.0136323771773512,0.013590496381265459,HF,1.000166641509434,1.6252707924528302,0.0,120.0,2,4,MeOH,90.0,12.0,24.0,False,1009.9129260160787,480.30058710543335,3.8812674385480084
303,0.013619054390541898,0.013577214524142185,HF,2.0003332830188683,3.2505415849056614,0.0,120.0,2,4,MeOH,90.0,12.0,24.0,False,945.050314829067,775.2321305232481,3.5648239906834087
304,0.018170460309920256,0.018154714444592608,HF,1.0000933584905658,1.6246845283018865,0.0,120.0,2,4,MeOH,90.0,12.0,24.0,False,1082.355687243315,241.3282459986253,3.885409420915697
305,0.018146676073116787,0.01813095081835064,HF,2.0002966415094336,3.2503034150943386,0.0,120.0,2,4,MeOH,90.0,12.0,24.0,False,1067.5158748212114,626.6747256511572,3.543719279472943
306,0.027151980662008853,0.02715395532488898,HF,0.9997930599369084,1.6252518359621453,0.0,120.0,2,4,MeOH,90.0,12.0,24.0,False,1109.3697626152841,104.68944126066009,4.025432587574473
307,0.0430167491427494,0.042974486782914434,BzOH,9.99975382165605,3.0046574522293,0.0,120.0,2,2,iPrOH,95.0,19.0,24.0,False,1281.7734130510576,125.16017817030671,4.4511464271067505
308,0.013655781270591373,0.07009061960135765,AcOH,87.82711904761904,0.0,0.0,90.0,3,6,Water,0.0,0.0,18.0,True,1125.7181642517592,37.9754080056598,4.600255587491565
309,0.013068403114758046,0.06707580133011583,AcOH,145.38372619047618,0.0,0.0,90.0,3,6,Water,0.0,0.0,18.0,True,1225.2645054867864,37.57955983899603,4.597421023226249
310,0.012481465469544348,0.06406324405454017,AcOH,208.30716719047626,0.0,0.0,90.0,3,6,Water,0.0,0.0,18.0,True,1237.6502787911015,76.36083027684651,4.593042846755296
311,0.011727584955183872,0.06019382411364595,AcOH,298.44166666666666,0.0,0.0,90.0,3,6,Water,0.0,0.0,18.0,True,1254.5267037719682,197.0376079907977,4.594654708702055
312,0.010642091610874658,0.0546223449307132,AcOH,451.0732619047618,0.0,0.0,90.0,3,6,Water,0.0,0.0,18.0,True,1253.9508301153205,308.4100206306942,4.60571803473952
313,0.009805673039451396,0.050329284375958135,AcOH,591.7671904761905,0.0,0.0,90.0,3,6,Water,0.0,0.0,18.0,True,1261.2711567975307,547.6104112201606,4.637023823504853
314,0.00904906246541965,0.04644585193954162,AcOH,740.5770270000003,0.0,0.0,90.0,3,6,Water,0.0,0.0,18.0,True,1266.7837432860094,699.1412702112386,4.605691653283899
315,0.01396473559798032,0.07167638022582275,TFA,44.339904761904755,0.0,0.0,90.0,3,6,Water,0.0,0.0,18.0,True,1249.4897275955232,120.36105648074331,4.642152482395991
316,0.013335893740259121,0.06844874245354325,TFA,88.67980952380951,0.0,0.0,90.0,3,6,Water,0.0,0.0,18.0,True,1267.5344238133232,122.23859593898707,4.603530409065053
317,0.0136398987615537,0.07000909992282618,TFA,66.68039523809524,0.0,0.0,90.0,3,6,Water,0.0,0.0,18.0,True,1241.6799249800788,89.93301921197022,4.600255587491565
318,0.013665328542512085,0.07013962259804933,Form,131.720214,0.0,0.0,90.0,3,6,Water,0.0,0.0,18.0,True,1267.5832041179358,41.424920360646865,4.596074176084685
319,0.013332922108767969,0.06843349004957495,Form,180.00295952380955,0.0,0.0,90.0,3,6,Water,0.0,0.0,18.0,True,1298.6758405994003,53.35655162801808,4.599348997658173
320,0.01305676347715862,0.06701605891076147,Form,222.0406,0.0,0.0,90.0,3,6,Water,0.0,0.0,18.0,True,1298.6758405994003,100.410484099733,4.597421023226249
321,0.012505422217086663,0.06418620613525906,Form,311.8630147619048,0.0,0.0,90.0,3,6,Water,0.0,0.0,18.0,True,1303.986941728175,202.19931239521384,4.5972151199602145
322,0.011730165591614028,0.06020706966897312,Form,451.92595238095237,0.0,0.0,90.0,3,6,Water,0.0,0.0,18.0,True,1320.0353438326852,402.3813210791462,4.5972151199602145
323,0.011287811807176284,0.05793661364599788,Form,540.2646857142856,0.0,0.0,90.0,3,6,Water,0.0,0.0,18.0,True,1320.9650592730914,774.6597311348189,4.60571803473952
324,0.01084682293302245,0.05567316325716421,Form,636.1070952380952,0.0,0.0,90.0,3,6,Water,0.0,0.0,18.0,True,1320.9650592730914,1077.2115388219793,4.60571803473952
325,0.03681151628583425,0.036776784502547885,None,0.0,3.7631895348837214,0.0,120.0,3,6,DCM,170.0,12.0,21.0,False,1071.9005185261703,137.61011983266047,5.000414899524555
326,0.0369156006799616,0.036945384950760635,None,0.0,3.0008631090487237,0.0,120.0,3,6,DCM,100.0,12.0,72.0,False,1076.8122365161255,196.30259394128268,5.085553604866497
327,0.03041709744730609,0.03038839881863412,AcOH,99.99041860465117,3.7631895348837214,0.0,120.0,3,6,DCM,170.0,12.0,21.0,False,1516.4558324026023,351.60994361057897,4.4355457916173044
328,0.02591085999746165,0.025886413018228114,AcOH,199.9998055813954,3.7631895348837214,0.0,120.0,3,6,DCM,170.0,12.0,21.0,False,1531.0061436742503,556.0902879514813,4.389958028108466
329,0.036004701474203635,0.03603375081266743,AcOH,12.003452436194895,3.0008631090487237,0.0,120.0,3,6,DCM,100.0,12.0,72.0,False,1250.3982560336872,236.85139814125125,4.519041498159856
330,0.034309829023075965,0.034337510903361526,AcOH,36.01035730858469,3.000863109048724,0.0,120.0,3,6,DCM,100.0,12.0,72.0,False,1378.1719002005714,273.78141642770095,4.370326743241959
331,0.030482853859514505,0.0305074480570179,AcOH,100.05580510440834,3.0008631090487237,0.0,120.0,3,6,DCM,100.0,12.0,72.0,False,1462.4334504946953,436.10203308648113,4.063719311629243
332,0.035704944096149376,0.03573375158415543,TFA,12.003452436194895,3.000863109048724,0.0,120.0,3,6,DCM,100.0,12.0,72.0,False,1487.65493434998,358.7518761469108,4.477091004593639
333,0.03350703854791268,0.03353407272022474,TFA,36.01035730858469,3.000863109048724,0.0,120.0,3,6,DCM,100.0,12.0,72.0,False,1637.7459030684372,422.8500586741693,4.100757953276734
334,0.03232899163899927,0.032298489132045916,Form,99.99041860465117,3.7631895348837214,0.0,120.0,3,6,DCM,170.0,12.0,21.0,False,1697.7031968282927,209.8859966142872,4.438513782201896
335,0.028814009820161787,0.028786823709790407,Form,199.9998055813953,3.7631895348837214,0.0,120.0,3,6,DCM,170.0,12.0,21.0,False,1741.2516603591716,454.0723638576274,4.397670875100779
336,0.008614726045210084,0.00775223492372713,None,0.0,0.0,0.0,120.0,1,1,DMF,0.0,0.0,24.0,False,1144.0551623031429,238.18972438027,4.057539028637006
337,0.036916263847701705,0.03694604865355821,None,0.0,2.973828306264501,0.0,120.0,4,4,DMF,200.0,24.0,72.0,False,1160.0855518469882,155.262969407557,5.409281368063073
338,0.042959025335013286,0.08586555643950526,None,0.0,3.000515021459228,0.0,120.0,1,1,DMF,100.0,12.0,24.0,False,1247.0091117140496,179.05082809083734,4.1842110394610526
339,0.034305310552493085,0.03433298878718305,AcOH,36.01035730858469,2.973828306264502,0.0,120.0,4,4,DMF,200.0,24.0,72.0,False,1460.8879609622486,281.8084186837777,5.190373103607298
340,0.0304732607120603,0.03049784716961375,AcOH,100.05580510440836,2.973828306264501,0.0,120.0,4,4,DMF,200.0,24.0,72.0,False,1508.2133211652565,613.6047000700739,5.024595717059513
341,0.03540926489509666,0.035231464890926906,AcOH,20.052279069767444,0.0,0.0,120.0,2,2,DMF,200.0,24.0,72.0,False,1278.0881293268606,127.90051997254834,5.223512225141926
342,0.03450218387590665,0.03432893858388559,AcOH,33.086260465116275,0.0,0.0,120.0,2,2,DMF,200.0,24.0,72.0,False,1320.083541492971,126.83397053976475,5.136099152007206
343,0.03338176017518748,0.03321414084968252,AcOH,50.1306976744186,0.0,0.0,120.0,2,2,DMF,200.0,24.0,72.0,False,1366.8770794314717,179.5762543402342,4.930863160052313
344,0.03047108898825015,0.030318084971781043,AcOH,100.2613953488372,0.0,0.0,120.0,2,2,DMF,200.0,24.0,72.0,False,1369.0211441919616,357.8563579977217,4.821626478370029
345,0.028029421140566425,0.027888677433787045,AcOH,150.3920930232558,0.0,0.0,120.0,2,2,DMF,200.0,24.0,72.0,False,1377.4594338059296,373.15739482488505,4.830816507909454
346,0.025950028741769042,0.02581972625646862,AcOH,200.52279069767448,0.0,0.0,120.0,2,2,DMF,200.0,24.0,72.0,False,1393.0634535002239,440.7563818627385,4.844095781448586
347,0.024156271436584248,0.024034975917604253,AcOH,250.65348837209305,0.0,0.0,120.0,2,2,DMF,200.0,24.0,72.0,False,1403.6549088905276,527.4122950310289,4.776022208656892
348,0.02259584611417448,0.022482385935172683,AcOH,300.7841860465116,0.0,0.0,120.0,2,2,DMF,200.0,24.0,72.0,False,1406.204471620274,564.0064740157794,4.90570129200755
349,0.008139898625395353,0.008122072902950795,HCl,23.17209056603773,80.02505660377359,0.0,50.0,5,5,DMF,200.0,16.0,24.0,False,1006.7701479707698,144.40933648161717,4.62634611272387
350,0.008139898625395353,0.008122072902950795,HCl,23.17209056603773,80.02505660377359,0.0,70.0,5,5,DMF,200.0,16.0,24.0,False,1002.3020444580291,155.20464494575373,4.62634611272387
351,0.03569608875454306,0.0357248890978762,TFA,12.003452436194895,2.973828306264501,0.0,120.0,4,4,DMF,200.0,24.0,72.0,False,1528.6919441806124,243.76602542218984,5.2925657336312995
352,0.03589139843772589,0.03571117750371914,TFA,10.02613953488372,0.0,0.0,120.0,2,2,DMF,200.0,24.0,72.0,False,1365.5312091868486,236.92978827000312,5.268856258326856
353,0.034929991361731916,0.03475459792647802,TFA,20.05227906976744,0.0,0.0,120.0,2,2,DMF,200.0,24.0,72.0,False,1373.9289587308886,229.7710906880254,5.191252648128426
354,0.032401613582915184,0.03242775587548267,Form,100.05580510440836,2.973828306264501,0.0,120.0,4,4,DMF,200.0,24.0,72.0,False,1633.7629413501509,427.21393559048227,5.00967884571563
355,0.03590536667996668,0.03572507560743726,Form,20.052279069767444,0.0,0.0,120.0,2,2,DMF,200.0,24.0,72.0,False,1364.385540400397,165.2312739204233,5.223512225141926
356,0.03528400026165958,0.035106829246891694,Form,33.086260465116275,0.0,0.0,120.0,2,2,DMF,200.0,24.0,72.0,False,1393.0204908001442,196.053686058686,5.1881913271525075
357,0.03450218387590665,0.03432893858388559,Form,50.13069767441861,0.0,0.0,120.0,2,2,DMF,200.0,24.0,72.0,False,1426.8741099389945,253.72747261211973,5.117829415253531
358,0.032394255507083705,0.0322315947237746,Form,100.26139534883724,0.0,0.0,120.0,2,2,DMF,200.0,24.0,72.0,False,1424.2988396471283,234.06082010887286,4.850557408256053
359,0.03052654137949355,0.03037325892077428,Form,150.3920930232558,0.0,0.0,120.0,2,2,DMF,200.0,24.0,72.0,False,1390.2405885461387,319.00563068957587,4.840870172661853
360,0.028864713237129257,0.02871977529082833,Form,200.52279069767445,0.0,0.0,120.0,2,2,DMF,200.0,24.0,72.0,False,1416.5894489937584,469.5002718853143,4.826914845085809
361,0.027374479544299203,0.027237024485812642,Form,250.65348837209305,0.0,0.0,120.0,2,2,DMF,200.0,24.0,72.0,False,1426.0473140203844,569.0449647988794,4.821969261664993
362,0.026030567732009426,0.0258998608375002,Form,300.7841860465116,0.0,0.0,120.0,2,2,DMF,200.0,24.0,72.0,False,1441.7510646651058,612.9790218985897,4.824296718487789
363,0.017439613540353966,0.01744483233244625,BzOH,50.01621,1.3320732857142856,0.0,120.0,4,4,DMF,200.0,24.0,24.0,False,1516.560072122343,755.4177045115714,5.122945044619264
364,0.03232899163899927,0.032298489132045916,Form,99.99041860465117,3.7631895348837214,0.0,120.0,3,6,DCM,170.0,12.0,21.0,False,1697.7031968282927,209.8859966142872,4.438513782201896
365,0.028814009820161787,0.028786823709790407,Form,199.9998055813953,3.7631895348837214,0.0,120.0,3,6,DCM,170.0,12.0,21.0,False,1741.2516603591716,454.0723638576274,4.397670875100779
366,0.035704944096149376,0.03573375158415543,TFA,12.003452436194895,3.000863109048724,0.0,120.0,3,6,DCM,100.0,12.0,72.0,False,1487.65493434998,358.7518761469108,4.477091004593639
367,0.03350703854791268,0.03353407272022474,TFA,36.01035730858469,3.000863109048724,0.0,120.0,3,6,DCM,100.0,12.0,72.0,False,1637.7459030684372,422.8500586741693,4.100757953276734
368,0.03041709744730609,0.03038839881863412,AcOH,99.99041860465117,3.7631895348837214,0.0,120.0,3,6,DCM,170.0,12.0,21.0,False,1516.4558324026023,351.60994361057897,4.4355457916173044
369,0.02591085999746165,0.025886413018228114,AcOH,199.9998055813954,3.7631895348837214,0.0,120.0,3,6,DCM,170.0,12.0,21.0,False,1531.0061436742503,556.0902879514813,4.389958028108466
370,0.036004701474203635,0.03603375081266743,AcOH,12.003452436194895,3.0008631090487237,0.0,120.0,3,6,DCM,100.0,12.0,72.0,False,1250.3982560336872,236.85139814125125,4.519041498159856
371,0.034309829023075965,0.034337510903361526,AcOH,36.01035730858469,3.000863109048724,0.0,120.0,3,6,DCM,100.0,12.0,72.0,False,1378.1719002005714,273.78141642770095,4.370326743241959
372,0.030482853859514505,0.0305074480570179,AcOH,100.05580510440834,3.0008631090487237,0.0,120.0,3,6,DCM,100.0,12.0,72.0,False,1462.4334504946953,436.10203308648113,4.063719311629243
373,0.03681151628583425,0.036776784502547885,None,0.0,3.7631895348837214,0.0,120.0,3,6,DCM,170.0,12.0,21.0,False,1071.9005185261703,137.61011983266047,5.000414899524555
374,0.0369156006799616,0.036945384950760635,None,0.0,3.0008631090487237,0.0,120.0,3,6,DCM,100.0,12.0,72.0,False,1076.8122365161255,196.30259394128268,5.085553604866497
375,0.1582293208239094,0.16653624671442044,Form,55.82614705882353,0.0,0.0,150.0,1,2,Acetone,45.0,12.0,4.0,True,1349.0875178125757,228.37714598821836,4.880755836587139
376,0.04999932934004213,0.05233199458266409,Form,99.93138936535163,2.997941680960549,0.0,120.0,2,5,Acetone,120.0,4.0,24.0,False,1543.7645695870142,224.23100811694425,4.710902899311589
377,0.08153106762787506,0.06019382411364594,Form,66.47772631578947,0.0,0.0,120.0,0,5,Acetone,110.0,12.0,48.0,False,1590.5398020400066,262.0811833622841,4.415470527272243
378,0.07830044909840743,0.07622181612171144,Form,99.9391812865497,0.0,0.0,120.0,0,1,Acetone,25.0,24.0,23.0,False,1403.8989049054737,222.98369763909824,4.127896571409806
379,0.04995644826856697,0.04992592586621978,Form,99.73711931330472,3.000515021459228,0.0,120.0,1,7,Acetone,80.0,12.0,24.0,False,1654.1508199779698,194.57894185195272,4.291346512546209
380,0.03102535702429596,0.03789981518266596,AcOH,41.78183333333333,0.0,0.0,120.0,4,8,Acetone,120.0,12.0,24.0,True,1220.2844218251303,43.66811300482118,4.591517743359019
381,0.06468636781298599,0.0646063440826969,AcOH,29.962285714285716,23.96982857142857,0.0,120.0,2,2,Acetone,150.0,12.0,24.0,False,1451.895211075762,93.07441297503581,4.345676950997907
382,0.06468636781298599,0.0646063440826969,AcOH,29.962285714285716,23.96982857142857,24.0,120.0,2,2,Acetone,150.0,12.0,24.0,False,1264.4627075849507,79.57849750482751,4.338468942678321
383,0.06468636781298599,0.0646063440826969,AcOH,29.962285714285716,23.96982857142857,48.0,120.0,2,2,Acetone,150.0,12.0,24.0,False,1243.9601667806744,66.20110760482521,4.324341055569779
384,0.06950289638030027,0.06941691410579187,AcOH,14.981142857142856,11.984914285714288,0.0,120.0,2,2,Acetone,150.0,12.0,24.0,False,1406.6034589318115,76.29491198022151,4.495865954000449
385,0.06950289638030027,0.06941691410579187,AcOH,14.981142857142856,11.984914285714288,24.0,120.0,2,2,Acetone,150.0,12.0,24.0,False,1213.6004356691683,60.77809939146286,4.5497110597165875
386,0.06950289638030027,0.06941691410579187,AcOH,14.981142857142856,11.984914285714288,48.0,120.0,2,2,Acetone,150.0,12.0,24.0,False,1192.9773914574523,47.40070949146056,4.508488000086811
387,0.06847618145634016,0.06839146933443016,AcOH,14.981142857142856,23.96982857142857,0.0,120.0,2,2,Acetone,150.0,12.0,24.0,False,1416.8506757461962,67.55437218457129,4.380060552464115
388,0.06847618145634016,0.06839146933443016,AcOH,14.981142857142856,23.96982857142857,24.0,120.0,2,2,Acetone,150.0,12.0,24.0,False,1211.257835950327,52.03755959581258,4.3475397024173965
389,0.06847618145634016,0.06839146933443016,AcOH,14.981142857142856,23.96982857142857,48.0,120.0,2,2,Acetone,150.0,12.0,24.0,False,1189.7749551421125,38.66016969581034,4.351807039369546
390,0.06560182090861835,0.06552066466812513,AcOH,29.962285714285716,11.984914285714288,0.0,120.0,2,2,Acetone,150.0,12.0,24.0,False,1456.2150813710139,98.82646439873844,4.404096638054802
391,0.06560182090861835,0.06552066466812513,AcOH,29.962285714285716,11.984914285714288,24.0,120.0,2,2,Acetone,150.0,12.0,24.0,False,1273.648151724423,85.33054892853019,4.398439307612963
392,0.06560182090861835,0.06552066466812513,AcOH,29.962285714285716,11.984914285714288,48.0,120.0,2,2,Acetone,150.0,12.0,24.0,False,1248.9321510880482,71.95315902852789,4.364186300038782
393,0.06654355728320377,0.06646123601737071,AcOH,29.962285714285716,0.0,0.0,120.0,2,2,Acetone,150.0,12.0,24.0,False,1230.013700859853,270.4918524642111,4.622717608483136
394,0.06654355728320377,0.06646123601737071,AcOH,29.962285714285716,0.0,24.0,120.0,2,2,Acetone,150.0,12.0,24.0,False,1130.3733781504607,343.4483267244067,4.54399494852657
395,0.06654355728320377,0.06646123601737071,AcOH,29.962285714285716,0.0,48.0,120.0,2,2,Acetone,150.0,12.0,24.0,False,1118.1858082120873,327.8550694207538,4.495983988643876
396,0.019227468377828832,0.01921572077474082,None,0.0,0.0,0.0,120.0,3,3,Acetone,150.0,24.0,24.0,False,1214.5392573071267,170.04330515998555,5.372789780135393
397,0.07273770282264183,0.07264771875784855,None,0.0,23.96982857142857,0.0,120.0,2,2,Acetone,150.0,12.0,24.0,False,1337.613117415525,64.51101007315657,4.611913090249567
398,0.07273770282264183,0.07264771875784855,None,0.0,23.96982857142857,24.0,120.0,2,2,Acetone,150.0,12.0,24.0,False,1100.1920176614562,66.2811368571858,4.688507715449731
399,0.07273770282264183,0.07264771875784855,None,0.0,23.96982857142857,48.0,120.0,2,2,Acetone,150.0,12.0,24.0,False,1100.7410952377263,55.48103260411145,4.630860481773811
400,0.017164435290078956,0.017155239872389094,None,0.0,0.0,0.0,120.0,3,3,Acetone,60.0,8.0,12.0,False,1173.82775078083,225.74697917282344,4.055995377627279
401,0.04985680441044677,0.0522276124253236,None,0.0,3.000515021459228,0.0,120.0,2,5,Acetone,120.0,4.0,16.0,False,1098.9856107763815,141.88780809250292,5.189910823949926
402,0.08153106762787506,0.06019382411364594,None,0.0,0.0,0.0,120.0,0,5,Acetone,110.0,12.0,48.0,False,1108.9665659231491,171.83199720589545,4.534428374815439
403,0.017164435290078956,0.017155239872389094,BzOH,49.4239,0.0,0.0,120.0,3,3,Acetone,60.0,8.0,12.0,False,1536.3923026275418,681.6614047872762,4.244781382159574
404,0.045634836008687334,0.04572470003467377,Form,49.99040914285713,2.9962285714285706,0.0,120.0,3,6,THF,25.0,12.0,72.0,False,1357.114704339089,161.49762893720066,4.925368650499575
405,0.0363083621414872,0.03631249038213144,TFA,6.034225555555557,5.993227777777778,0.0,120.0,2,4,THF,160.0,12.0,72.0,False,1140.841101147436,226.53992283286956,4.951794949564592
406,0.033582602952546864,0.03358642127588262,TFA,35.246976333333336,5.993227777777778,0.0,120.0,2,4,THF,160.0,12.0,72.0,False,1217.6533148428323,347.90560024417573,4.616641842881868
407,0.041927586831241696,0.04201015054970963,TFA,49.99040914285714,2.9962285714285715,0.0,120.0,3,6,THF,25.0,12.0,72.0,False,1346.6157107979845,172.52762072266347,4.906355198767402
408,0.03669503434873144,0.03669920655379125,AcOH,3.002008333333333,5.993227777777778,0.0,120.0,2,4,THF,160.0,12.0,72.0,False,1020.4309875154343,184.30098843786652,5.0352987292549445
409,0.03048946745259665,0.03049293408814107,AcOH,100.06694444444445,5.993227777777778,0.0,120.0,2,4,THF,160.0,12.0,72.0,False,1144.9876113878568,727.6284682987707,4.5681305282599265
410,0.043696374498324426,0.043782421309858564,AcOH,49.99040914285714,2.9962285714285715,0.0,120.0,3,6,THF,25.0,12.0,72.0,False,1233.3314867388146,127.50549710537142,4.931841532239523
411,0.049928130310890884,0.050026448683260144,None,0.0,2.9962285714285715,0.0,120.0,3,6,THF,25.0,12.0,72.0,False,1081.5563853588526,110.30342796840054,5.403427793104031
412,0.008629824914322976,0.008627204036226356,None,0.0,1.0000015122873345,0.0,120.0,0,0,None,250.0,6.0,24.0,False,1075.33970299111,211.2568860380871,5.026336360464832
413,0.0430167491427494,0.042974486782914434,BzOH,9.99975382165605,3.0046574522293,0.0,120.0,2,2,IprOH,95.0,19.0,24.0,False,1193.3614749461108,100.87515472579565,4.4511464271067505
414,0.09000600755235152,0.12499749192399527,Form,23.091051251489873,0.0,0.0,120.0,2,3,Ethanol,300.0,1.0,24.0,False,967.0054350015187,145.0742402612669,5.035471515487514
415,0.03365575547074305,0.059013553052594064,AcOH,10.1955,0.0,0.0,120.0,1,2,Ethanol,80.0,12.0,24.0,False,1039.138545973353,93.15020155425947,4.588685383797125
416,0.09000600755235152,0.12499749192399527,AcOH,22.035566150178784,0.0,0.0,120.0,2,3,Ethanol,300.0,1.0,24.0,False,964.6644021318763,152.01031586336532,5.032750099093962
417,0.03396453115183077,0.04716886487697935,None,0.0,0.0,0.0,120.0,2,3,Ethanol,300.0,1.0,24.0,False,847.5343254871534,138.63711936443738,5.320770544092447
418,0.01716443529007896,0.017155239872389094,BzOH,29.97476999999999,0.0,0.0,120.0,1,2,Ethanol,300.0,1.0,24.0,False,1324.5158250646575,149.46022582964673,5.472910994711905
419,0.014090440969946631,0.014089002953145491,HCl,51.61461794019936,178.19946843853825,0.0,120.0,3,3,Ethanol,80.0,20.0,24.0,False,1515.8280368585108,322.2332417680732,4.632434019422057
420,0.03352428767593546,0.04627400228736532,HCl,22.37184,77.23877759999998,0.0,80.0,2,3,Ethanol,150.0,3.0,12.0,False,1543.631266160257,148.57515899160887,3.9954235704793586
421,0.04859809991769344,0.059468597317095986,HCl,8.503480851063829,31.3612340425532,0.0,120.0,3,6,Ethanol,150.0,24.0,24.0,False,1246.7398319221304,163.76153203318808,4.058878008502368
422,0.07627327136408686,0.07548940391906017,NH3,0.16830666666666666,4.440706666666666,0.5,110.0,0,3,MeOH,80.0,0.0,0.5,False,1103.0855279340599,46.95131645607793,4.205377371243786
423,0.07627327136408686,0.07548940391906017,NH3,0.16830666666666666,4.440706666666666,0.5,110.0,0,3,MeOH,80.0,0.0,1.0,False,1103.0855279340599,47.5663914222381,4.205377371243786
424,0.07627327136408686,0.07548940391906017,NH3,0.16830666666666666,4.440706666666666,0.5,110.0,0,3,MeOH,80.0,0.0,3.0,False,1104.728002695721,54.628550849823256,4.209230492392014
425,0.07627327136408686,0.07548940391906017,NH3,0.16830666666666666,4.440706666666666,0.5,110.0,0,3,MeOH,80.0,0.0,5.0,False,1123.439758710569,63.785216400080486,4.211935324851849
426,0.07627327136408686,0.07548940391906017,NH3,0.16830666666666666,4.440706666666666,0.5,110.0,0,3,MeOH,80.0,0.0,10.0,False,1127.536183306493,75.00077697235116,4.2309403637913015
427,0.07627327136408686,0.07548940391906017,NH3,0.16830666666666666,4.440706666666666,0.5,110.0,0,3,MeOH,80.0,0.0,15.0,False,1150.1326153799064,80.58653102416946,4.432639115935663
428,0.07627327136408686,0.07548940391906017,NH3,0.16830666666666666,4.440706666666666,0.5,110.0,0,3,MeOH,80.0,0.0,20.0,False,1209.140270324449,116.66229816846567,4.533176502253803
429,0.018146676073116787,0.01813095081835064,HF,2.0002966415094336,3.2503034150943386,0.0,120.0,2,4,MeOH,90.0,12.0,24.0,False,1067.5158748212114,626.6747256511572,3.543719279472943
430,0.1983113601432664,0.19689065094853225,HF,1.999270777479893,0.5228492937265415,0.0,120.0,0,3,MeOH,150.0,10.0,24.0,False,1417.5566179420339,277.7972935754015,5.291624736293302
431,0.025026074580808938,0.025118589248027214,Form,102.89921379310344,0.0,0.0,123.0,4,1,MeOH,120.0,24.0,24.0,False,1670.7150460148246,595.9425649201128,4.332007076368744
432,0.0967642998037277,0.12829130924316548,Form,13.274430379746835,0.0,0.0,120.0,2,5,MeOH,120.0,24.0,24.0,False,1333.4462270486106,409.7730624962274,4.869754562570612
433,0.0902034887616762,0.09038111728775666,TFA,9.987428571428572,0.0,0.0,120.0,3,6,MeOH,320.0,12.0,21.0,False,1228.9986873429352,683.9533911580345,4.986651801163642
434,0.09165475154896532,0.09350496949692574,TFA,0.0,0.0,0.5,120.0,5,2,MeOH,150.0,8.0,72.0,False,1127.4927624302074,296.4637972171619,5.2156928439377825
435,0.08773642573925118,0.08950754515040289,TFA,6.355636363636362,0.0,0.5,120.0,5,2,MeOH,150.0,8.0,72.0,False,1259.213382718702,289.6863495584525,5.084336103760878
436,0.08413938867685762,0.08583789534922773,TFA,12.711272727272727,0.0,0.5,120.0,5,2,MeOH,150.0,8.0,72.0,False,1342.3241765850864,308.0640510885721,4.981729696035335
437,0.08082567987622796,0.08245729330636431,TFA,19.06690909090909,0.0,0.5,120.0,5,2,MeOH,150.0,8.0,72.0,False,1357.8636068871194,312.387302417211,4.847129829056472
438,0.07776309233561306,0.0793328818631248,TFA,25.42254545454545,0.0,0.5,120.0,5,2,MeOH,150.0,8.0,72.0,False,1407.3962261238464,434.81425187134914,4.766424837613178
439,0.09217735801116453,0.12220988490398525,TFA,13.274430379746835,0.0,0.0,120.0,2,5,MeOH,120.0,24.0,24.0,False,1332.7822935221889,408.10343219264905,4.822069393199101
440,0.03630038402146946,0.036388744560005896,TFA,6.001726218097447,3.0035665893271464,0.0,120.0,2,2,MeOH,200.0,24.0,72.0,False,1238.889310648672,189.13611073518533,5.087703233586751
441,0.007017904167666153,0.007039284803582969,AcOH,300.6967741935484,0.0,0.0,120.0,0,1,MeOH,150.0,0.0,24.0,False,1363.8894180129419,468.7088657749142,4.9446992296289105
442,0.007126305723113139,0.007148016613495456,AcOH,263.10967741935485,0.0,0.0,120.0,3,6,MeOH,250.0,3.0,24.0,False,1449.2913586390596,584.0489880765888,4.149283744292771
443,0.0015001675939003973,0.0015000260468417304,None,0.0,0.09998855835240272,0.0,120.0,2,1,MeOH,0.0,0.0,18.0,False,1078.3121455299172,217.50544620856095,3.5458957963544044
444,0.09689600566980056,0.09708681308652573,None,0.0,0.0,0.0,120.0,3,6,MeOH,320.0,12.0,21.0,False,1076.3333779059694,541.4794644545225,5.0887536993092795
445,0.017110537098219566,0.017001362540198062,None,0.0,10.1955,0.0,120.0,0,3,MeOH,80.0,0.0,24.0,False,1154.2344904381112,108.454455331064,4.044041797110433
446,0.027070058037886258,0.037872729271452285,None,0.0,7.001017377567141,0.0,100.0,1,1,MeOH,150.0,24.0,12.0,False,1068.1059366873724,85.57935912769099,4.010182002098544
447,0.026978027271846883,0.037743972388774916,None,0.0,14.00203475513428,0.0,100.0,1,1,MeOH,150.0,24.0,12.0,False,1046.4044953785487,62.48900462559715,4.092178155611919
448,0.02680876275193613,0.03750716058257672,None,0.0,27.00392417061612,0.0,100.0,1,1,MeOH,150.0,24.0,12.0,False,1009.2370439353584,54.53418584391741,4.649093712707636
449,0.0266288372877675,0.03725543343873528,None,0.0,41.00595892575039,0.0,100.0,1,1,MeOH,150.0,24.0,12.0,False,869.1634471205564,49.341716551778944,5.12912824133712
450,0.026288571274529302,0.03677937969028705,None,0.0,68.00988309636651,0.0,100.0,1,1,MeOH,150.0,24.0,12.0,False,848.5417267440183,46.27473986136843,5.223989733647837
451,0.0256468160815388,0.025649324745388568,None,0.0,7.200275352973874,0.0,110.0,3,6,MeOH,100.0,12.0,24.0,False,1182.5628631050636,103.7732828533297,3.6151695055179864
452,0.025561849656883986,0.025564350009674896,None,0.0,14.400550705947747,0.0,110.0,3,6,MeOH,100.0,12.0,24.0,False,1216.1798999158977,91.90988488970257,3.590781818154009
453,0.02539359462378691,0.025396078518577045,None,0.0,28.80110141189549,0.0,110.0,3,6,MeOH,100.0,12.0,24.0,False,1224.0016223526147,81.62746782578051,3.8209206402077562
454,0.02522754010689478,0.02523000775892939,None,0.0,43.201652117843246,0.0,110.0,3,6,MeOH,100.0,12.0,24.0,False,1175.43023566708,75.89864833713156,3.9784311202892444
455,0.02506477404707361,0.025067225778015758,None,0.0,57.50219899944414,0.0,110.0,3,6,MeOH,100.0,12.0,24.0,False,1177.2952237757502,76.0583062789045,4.090045473702655
456,0.0256468160815388,0.03847198732666344,None,0.0,7.200275352973874,0.0,110.0,3,6,MeOH,100.0,12.0,24.0,False,1110.8765545052704,80.15943158769366,4.795914104758975
457,0.025561849656883986,0.03834453184828674,None,0.0,14.400550705947747,0.0,110.0,3,6,MeOH,100.0,12.0,24.0,False,1122.6058536234948,58.314982291661295,4.735113711180761
458,0.02539359462378691,0.03809213773120109,None,0.0,28.80110141189549,0.0,110.0,3,6,MeOH,100.0,12.0,24.0,False,1108.120302760398,48.15743523308478,5.13345525126679
459,0.02522754010689478,0.037843044539707126,None,0.0,43.201652117843246,0.0,110.0,3,6,MeOH,100.0,12.0,24.0,False,994.394684205839,42.29655529034821,5.334734322759192
460,0.02506477404707361,0.0375988842598992,None,0.0,57.50219899944414,0.0,110.0,3,6,MeOH,100.0,12.0,24.0,False,997.9730599354217,41.663535156612255,5.439276187797491
461,0.0256468160815388,0.05011477297048477,None,0.0,7.200275352973874,0.0,110.0,3,6,MeOH,100.0,12.0,24.0,False,1108.993931598634,76.7876143197112,5.0810431932686475
462,0.025561849656883986,0.04994874561378864,None,0.0,14.400550705947747,0.0,110.0,3,6,MeOH,100.0,12.0,24.0,False,1122.1245555737032,54.94316502367889,5.0261033421874055
463,0.02539359462378691,0.04961996941178393,None,0.0,28.80110141189549,0.0,110.0,3,6,MeOH,100.0,12.0,24.0,False,1107.5668361925038,44.64657926722563,5.351017489546131
464,0.02522754010689478,0.04929549309517936,None,0.0,43.201652117843246,0.0,110.0,3,6,MeOH,100.0,12.0,24.0,False,994.394684205839,39.47292357735631,5.543147775634813
465,0.02506477404707361,0.04897744253836542,None,0.0,57.50219899944414,0.0,110.0,3,6,MeOH,100.0,12.0,24.0,False,996.2331788386318,38.83990344362036,5.637695363395601
466,0.1016992790937178,0.1348341660145669,BzOH,13.274430379746835,0.0,0.0,120.0,2,5,MeOH,120.0,24.0,24.0,False,1164.1422740866246,376.59885935136043,4.990684322192286
467,0.0246140271818938,0.024666393727740914,BzOH,15.684117314373436,106.90388085427273,0.0,120.0,3,6,MeOH,120.0,12.0,12.0,False,921.368541838346,252.05141180845698,3.8280273688851567
468,0.17424706328761566,0.1866475166314603,HCl,2.135433540372671,7.372584298136648,0.0,150.0,2,4,MeOH,100.0,12.0,24.0,True,1187.6386151784645,263.92578858508824,5.339476399283484
469,0.1617832769711212,0.16210186027014167,HCl,1.985155555555556,7.472076190476191,0.0,100.0,2,3,MeOH,150.0,2.0,24.0,False,1362.9799219332153,192.2848082652004,4.682827518073634
470,0.1617832769711212,0.2023271367075472,HCl,1.985155555555556,7.472076190476191,0.0,100.0,2,3,MeOH,150.0,2.0,20.0,False,1379.161669002843,213.7188805498772,4.9047183649648876
471,0.1617832769711212,0.2425524131449527,HCl,1.985155555555556,7.472076190476191,0.0,100.0,2,3,MeOH,150.0,2.0,20.0,False,1379.161669002843,213.7188805498772,4.967244432283134
472,0.1617832769711212,0.283378066842618,HCl,1.985155555555556,7.472076190476191,0.0,100.0,2,3,MeOH,150.0,2.0,20.0,False,1375.0002673075344,213.7188805498772,5.045698543798173
473,0.1617832769711212,0.32360334328002355,HCl,1.985155555555556,7.472076190476191,0.0,100.0,2,3,MeOH,150.0,2.0,20.0,False,1375.0002673075344,213.7188805498772,5.077055109469346
474,0.1617832769711212,0.16210186027014167,HCl,1.985155555555556,7.472076190476191,0.0,160.0,2,3,MeOH,150.0,2.0,20.0,False,1270.528009847038,241.13924626312024,5.176789188012024
475,0.1617832769711212,0.2023271367075472,HCl,1.985155555555556,7.472076190476191,0.0,160.0,2,3,MeOH,150.0,2.0,20.0,False,1256.7877153646941,241.13924626312024,5.3931795067174155
476,0.1617832769711212,0.2425524131449527,HCl,1.985155555555556,7.472076190476191,0.0,160.0,2,3,MeOH,150.0,2.0,20.0,False,1256.7877153646941,241.13924626312024,5.498956274355767
477,0.1617832769711212,0.283378066842618,HCl,1.985155555555556,7.472076190476191,0.0,160.0,2,3,MeOH,150.0,2.0,20.0,False,1255.2602896545952,241.13924626312024,5.583795105352962
478,0.1617832769711212,0.32360334328002355,HCl,1.985155555555556,7.472076190476191,0.0,160.0,2,3,MeOH,150.0,2.0,20.0,False,1255.2602896545952,241.13924626312024,5.617381856891765
479,0.1617832769711212,0.16210186027014167,HCl,1.985155555555556,7.472076190476191,0.0,220.0,2,3,MeOH,150.0,2.0,20.0,False,1204.818335443779,241.13924626312024,5.20442832408881
480,0.1617832769711212,0.2023271367075472,HCl,1.985155555555556,7.472076190476191,0.0,220.0,2,3,MeOH,150.0,2.0,20.0,False,1179.7287172083709,241.13924626312024,5.421923086870741
481,0.1617832769711212,0.2425524131449527,HCl,1.985155555555556,7.472076190476191,0.0,220.0,2,3,MeOH,150.0,2.0,20.0,False,1179.7287172083709,241.13924626312024,5.497993272804296
482,0.1617832769711212,0.283378066842618,HCl,1.985155555555556,7.472076190476191,0.0,220.0,2,3,MeOH,150.0,2.0,20.0,False,1178.201291498272,241.13924626312024,5.582832103801491
483,0.1617832769711212,0.32360334328002355,HCl,1.985155555555556,7.472076190476191,0.0,220.0,2,3,MeOH,150.0,2.0,20.0,False,1178.201291498272,241.13924626312024,5.616418855340292
484,0.055300240909684696,0.05493352311256405,HCl,0.9601648068669528,3.3148189699570816,0.0,120.0,3,6,MeOH,120.0,24.0,24.0,False,1194.461741302151,252.5020351795077,4.427847356980266
485,0.09596728996050537,0.09615626855215006,HCl,1.1319085714285717,4.1860642285714285,0.0,120.0,3,6,MeOH,320.0,12.0,21.0,False,1172.8476697194503,782.7535124416461,5.018623176301473
486,0.031998798489529696,0.031999036898814184,HCl,3.7501408072951583,129.47361137186536,0.0,120.0,3,3,MeOH,0.0,0.0,24.0,False,1393.2010064828899,179.07144916859605,4.274293488136283
487,0.031998798489529696,0.031999036898814184,HCl,9.375352018237896,323.69965401636045,0.0,120.0,3,3,MeOH,0.0,0.0,24.0,False,1399.9313011601703,182.45712848043513,4.246890629002429
488,0.031998798489529696,0.031999036898814184,HCl,18.750704036475792,647.3993080327209,0.0,120.0,3,3,MeOH,0.0,0.0,24.0,False,1391.7676355177316,182.94338681593376,4.196562814211725
489,0.19765171533710327,0.19623573185974968,HCl,1.9992707774798928,6.8125151742627335,0.0,120.0,0,3,MeOH,150.0,10.0,24.0,False,1598.5851545824125,239.17380857831193,5.12566100880503
490,0.16300640656974336,0.16221062991664328,HCl,1.9119238974358967,6.600808205128202,0.0,120.0,3,3,MeOH,200.0,3.0,24.0,False,1195.1325361279,262.41771630290236,4.856809729990513
491,0.15788041894176402,0.15710966671171742,HCl,1.9119238974358967,17.926153846153845,0.0,120.0,3,3,MeOH,200.0,3.0,24.0,False,1177.0121004838538,217.1605162994829,4.810442736131201
492,0.15306699153500292,0.1523197378485553,HCl,1.9119238974358967,28.881025641025637,0.0,120.0,3,3,MeOH,200.0,3.0,24.0,False,1139.2121897994077,213.99935756076258,4.8478518781835875
493,0.148538382317991,0.14781323672877555,HCl,1.9119238974358967,39.83589743589744,0.0,120.0,3,3,MeOH,200.0,3.0,24.0,False,1089.7166727838228,214.01545211676014,4.915825661563656
494,0.14024014866894122,0.1395555140064976,HCl,1.9119238974358967,61.74564102564102,0.0,120.0,3,3,MeOH,200.0,3.0,24.0,False,1060.4015116527082,211.6001925766165,4.994376257199312
495,0.12305385593990432,0.1224531225841327,HCl,1.9119238974358967,117.5158974358974,0.0,120.0,3,3,MeOH,200.0,3.0,24.0,False,1045.4194065602167,214.4259669603509,5.042665413154606
496,0.036610077645710594,0.03663961541420113,Form,6.001726218097447,2.973828306264501,0.0,120.0,4,4,DMF,200.0,24.0,72.0,False,1409.4850192297677,211.47331682994943,5.339820708372663
497,0.036309285139458115,0.03633858022232805,Form,12.003452436194895,2.973828306264501,0.0,120.0,4,4,DMF,200.0,24.0,72.0,False,1464.703590048262,212.4772156355859,5.305602235736617
498,0.03515296705135725,0.03518132919285739,Form,36.01035730858469,2.973828306264501,0.0,120.0,4,4,DMF,200.0,24.0,72.0,False,1596.4385853507854,287.0045339681267,5.2172847385775
499,0.032401613582915184,0.03242775587548267,Form,100.05580510440836,2.973828306264501,0.0,120.0,4,4,DMF,200.0,24.0,72.0,False,1633.7629413501509,427.21393559048227,5.00967884571563
500,0.03590536667996668,0.03572507560743726,Form,20.052279069767444,0.0,0.0,120.0,2,2,DMF,200.0,24.0,72.0,False,1364.385540400397,165.2312739204233,5.223512225141926
501,0.03528400026165958,0.035106829246891694,Form,33.086260465116275,0.0,0.0,120.0,2,2,DMF,200.0,24.0,72.0,False,1393.0204908001442,196.053686058686,5.1881913271525075
502,0.03450218387590665,0.03432893858388559,Form,50.13069767441861,0.0,0.0,120.0,2,2,DMF,200.0,24.0,72.0,False,1426.8741099389945,253.72747261211973,5.117829415253531
503,0.032394255507083705,0.0322315947237746,Form,100.26139534883724,0.0,0.0,120.0,2,2,DMF,200.0,24.0,72.0,False,1424.2988396471283,234.06082010887286,4.850557408256053
504,0.03052654137949355,0.03037325892077428,Form,150.3920930232558,0.0,0.0,120.0,2,2,DMF,200.0,24.0,72.0,False,1390.2405885461387,319.00563068957587,4.840870172661853
505,0.028864713237129257,0.02871977529082833,Form,200.52279069767445,0.0,0.0,120.0,2,2,DMF,200.0,24.0,72.0,False,1416.5894489937584,469.5002718853143,4.826914845085809
506,0.027374479544299203,0.027237024485812642,Form,250.65348837209305,0.0,0.0,120.0,2,2,DMF,200.0,24.0,72.0,False,1426.0473140203844,569.0449647988794,4.821969261664993
507,0.026030567732009426,0.0258998608375002,Form,300.7841860465116,0.0,0.0,120.0,2,2,DMF,200.0,24.0,72.0,False,1441.7510646651058,612.9790218985897,4.824296718487789
508,0.03629610249251315,0.03632538693935066,TFA,6.001726218097447,2.973828306264501,0.0,120.0,4,4,DMF,200.0,24.0,72.0,False,1434.2619294624392,241.0639898932107,5.3261947763798
509,0.03569608875454306,0.0357248890978762,TFA,12.003452436194895,2.973828306264501,0.0,120.0,4,4,DMF,200.0,24.0,72.0,False,1528.6919441806124,243.76602542218984,5.2925657336312995
510,0.033483016556340214,0.03351003134721218,TFA,36.01035730858469,2.973828306264501,0.0,120.0,4,4,DMF,200.0,24.0,72.0,False,1652.0926877268564,364.9545881128179,4.99362223053807
511,0.03589139843772589,0.03571117750371914,TFA,10.02613953488372,0.0,0.0,120.0,2,2,DMF,200.0,24.0,72.0,False,1365.5312091868486,236.92978827000312,5.268856258326856
512,0.034929991361731916,0.03475459792647802,TFA,20.05227906976744,0.0,0.0,120.0,2,2,DMF,200.0,24.0,72.0,False,1373.9289587308886,229.7710906880254,5.191252648128426
513,0.03376352778926785,0.03359399149983898,TFA,33.086260465116275,0.0,0.0,120.0,2,2,DMF,200.0,24.0,72.0,False,1409.2151020192698,243.8381870251553,5.01952381657996
514,0.032337483240159275,0.03217510752657205,TFA,50.13069767441859,0.0,0.0,120.0,2,2,DMF,200.0,24.0,72.0,False,1447.5326126733607,267.53199206492553,4.964453783139939
515,0.03645385097923519,0.03648326270081725,AcOH,6.001726218097447,2.973828306264501,0.0,120.0,4,4,DMF,200.0,24.0,72.0,False,1327.6067529993866,187.61513966708577,5.346373561586164
516,0.03600287916110585,0.03603192702928972,AcOH,12.003452436194895,2.973828306264501,0.0,120.0,4,4,DMF,200.0,24.0,72.0,False,1351.8579333250345,191.77103321497424,5.31090920402716
517,0.034305310552493085,0.03433298878718305,AcOH,36.01035730858469,2.973828306264502,0.0,120.0,4,4,DMF,200.0,24.0,72.0,False,1460.8879609622486,281.8084186837777,5.190373103607298
518,0.0304732607120603,0.03049784716961375,AcOH,100.05580510440836,2.973828306264501,0.0,120.0,4,4,DMF,200.0,24.0,72.0,False,1508.2133211652565,613.6047000700739,5.024595717059513
519,0.06868617865448866,0.06853763560404506,AcOH,50.33183505154639,1.3333731958762889,0.0,100.0,3,3,DMF,300.0,2.0,336.0,False,1496.225107522665,209.57040100027197,4.886595678677373
520,0.03540926489509666,0.035231464890926906,AcOH,20.052279069767444,0.0,0.0,120.0,2,2,DMF,200.0,24.0,72.0,False,1278.0881293268606,127.90051997254834,5.223512225141926
521,0.03450218387590665,0.03432893858388559,AcOH,33.086260465116275,0.0,0.0,120.0,2,2,DMF,200.0,24.0,72.0,False,1320.083541492971,126.83397053976475,5.136099152007206
522,0.03338176017518748,0.03321414084968252,AcOH,50.1306976744186,0.0,0.0,120.0,2,2,DMF,200.0,24.0,72.0,False,1366.8770794314717,179.5762543402342,4.930863160052313
523,0.03047108898825015,0.030318084971781043,AcOH,100.2613953488372,0.0,0.0,120.0,2,2,DMF,200.0,24.0,72.0,False,1369.0211441919616,357.8563579977217,4.821626478370029
524,0.028029421140566425,0.027888677433787045,AcOH,150.3920930232558,0.0,0.0,120.0,2,2,DMF,200.0,24.0,72.0,False,1377.4594338059296,373.15739482488505,4.830816507909454
525,0.025950028741769042,0.02581972625646862,AcOH,200.52279069767448,0.0,0.0,120.0,2,2,DMF,200.0,24.0,72.0,False,1393.0634535002239,440.7563818627385,4.844095781448586
526,0.024156271436584248,0.024034975917604253,AcOH,250.65348837209305,0.0,0.0,120.0,2,2,DMF,200.0,24.0,72.0,False,1403.6549088905276,527.4122950310289,4.776022208656892
527,0.02259584611417448,0.022482385935172683,AcOH,300.7841860465116,0.0,0.0,120.0,2,2,DMF,200.0,24.0,72.0,False,1406.204471620274,564.0064740157794,4.90570129200755
528,0.036916263847701705,0.03694604865355821,None,0.0,2.973828306264501,0.0,120.0,4,4,DMF,200.0,24.0,72.0,False,1160.0855518469882,155.262969407557,5.409281368063073
529,0.042959025335013286,0.08586555643950526,None,0.0,3.000515021459228,0.0,120.0,1,1,DMF,100.0,12.0,24.0,False,1247.0091117140496,179.05082809083734,4.1842110394610526
530,0.017439613540353966,0.01744483233244625,BzOH,50.01621,1.3320732857142856,0.0,120.0,4,4,DMF,200.0,24.0,24.0,False,1516.560072122343,755.4177045115714,5.122945044619264
531,0.16181800686128894,0.3236472406090513,HCl,2.00003914308384,7.528036392488759,0.0,220.0,4,4,DMF,270.0,72.0,24.0,False,1210.4834846607218,266.73604697480386,5.614791880174335
532,0.157735586797075,0.3158332381308061,HCl,2.1140629463105,7.2975234065062144,0.0,220.0,2,2,DMF,200.0,24.0,24.0,False,1033.2248911001554,221.2037543775088,5.617480136017873
